Workbook

Sheet EN PROCESO (Colmena)
A1: Asignado a | B1: ID REQ | C1: Requerimiento | D1: Descripcion req | E1: Actividad | F1: ESTADO | G1: % AVANCE | H1: Dias estimados desarrollo | I1: F.Asignado | J1: Fecha inicio | K1: F. estimada de entrega | L1: Finalizado | M1: Dias total desarrollo | N1: Fecha compromiso cliente | O1: FECHA PASO A TEST | P1: FECHA PASO A PRODUCCION | Q1: DESCRIPCION DEL AVANCE | R1: visible
A2: Brayan Diaz | B2: SCTASK0316185 | C2: Actualizacion informacion beneficiario final | D2: Se solicita que al momento de capturar la informacion del formato de beneficiario final, el formulario que este marcado como NO tome los nuevos campos | F2: FINALIZADO | G2: 100 | H2: =IF(OR(J2="",K2="",K2<J2),0,NETWORKDAYS(J2,K2,Hoja2!$A$2:$A$53)) -> 0 | I2: 45931 | J2: 45940 | L2: 45945 | M2: =IF(OR(J2="",AND(L2="",TODAY()<J2),AND(L2<>"",L2<J2)),0, IF(L2="", NETWORKDAYS(J2,TODAY(),Hoja2!$A$2:$A$53), NETWORKDAYS(J2,L2,Hoja2!$A$2:$A$53) ) ) -> 3 | O2: 45944 | P2: 45945 | Q2: Se entrega el requerimiento de acuerdo con la solicitud del cliente | R2: TRUE
A3: Brayan Diaz | B3: SCTASK0315640 | C3: Ajustes informe Zehux | D3: El archivo originalmente enviado por Imagine incluye el historial completo de devoluciones, incluyendo aquellas dirigidas a áreas como Configuración, Sistemas, entre otros. Es necesario depurar este documento, dejando únicamente las observaciones de devolución que correspondan a la Sucursal en cada caso. Reemplazar el campo de Sucursal por Regionales | F3: FINALIZADO | G3: 100 | H3: =IF(OR(J3="",K3="",K3<J3),0,NETWORKDAYS(J3,K3,Hoja2!$A$2:$A$53)) -> 0 | I3: 45931 | J3: 45944 | M3: =IF(OR(J3="",AND(L3="",TODAY()<J3),AND(L3<>"",L3<J3)),0, IF(L3="", NETWORKDAYS(J3,TODAY(),Hoja2!$A$2:$A$53), NETWORKDAYS(J3,L3,Hoja2!$A$2:$A$53) ) ) -> 133 | Q3: se entrega en produccion modificacion de informe de la manera solicitada | R3: TRUE
A4: Brayan Diaz | B4: SCTASK0339311 | C4: Cargue masivo de afiliaciones de contratos no vinculados | D4: Se requiere la creacion de un (chek) para cargue de afiliaciones contratos no vinculados que permita seleccionar varios contratos y de esta manera me genere los planos de los contratos seleccionaos en un solo LOG para garantizar un solo cargue que evite las demoras que actualmente se presentan al cargar estos contratos. | F4: FINALIZADO | G4: 100 | H4: =IF(OR(J4="",K4="",K4<J4),0,NETWORKDAYS(J4,K4,Hoja2!$A$2:$A$53)) -> 0 | I4: 45950 | L4: 46038 | M4: =IF(OR(J4="",AND(L4="",TODAY()<J4),AND(L4<>"",L4<J4)),0, IF(L4="", NETWORKDAYS(J4,TODAY(),Hoja2!$A$2:$A$53), NETWORKDAYS(J4,L4,Hoja2!$A$2:$A$53) ) ) -> 0 | Q4: 20251218 sigue en espera la confimacion del cliente para paso a produccion | R4: TRUE
A5: Brayan Diaz | B5: SCTASK0339314 | C5: Actualizacion campos telefonos | D5: CAMPO TELEFONOS Se requiere que en los casos donde los campos de teléfono para contratos dependientes y no vinculados vengan vacíos y/o relacionen información inconsistente como números repetidos o caracteres especiales se tome por defecto el numero de la empresa para evitar errores de cargue al momento de vincular contratos en APOLO. | F5: PRUEBAS ClIENTE | G5: 0 | H5: =IF(OR(J5="",K5="",K5<J5),0,NETWORKDAYS(J5,K5,Hoja2!$A$2:$A$53)) -> 0 | I5: 45950 | M5: =IF(OR(J5="",AND(L5="",TODAY()<J5),AND(L5<>"",L5<J5)),0, IF(L5="", NETWORKDAYS(J5,TODAY(),Hoja2!$A$2:$A$53), NETWORKDAYS(J5,L5,Hoja2!$A$2:$A$53) ) ) -> 0 | Q5: 25/02/2026: A la espera que el cliente aproebe el paso aproduccion del layaut, Se realizara cambio de correo. en espera desde novienbre 2025 | R5: TRUE
A6: Brayan Diaz | B6: SCTASK0340882 | C6: Envio masivo de correos | D6: Solicitamos su atención con con el envío masivo de correos electrónicos - adjuntamos correo formal | F6: FINALIZADO | G6: 100 | H6: =IF(OR(J6="",K6="",K6<J6),0,NETWORKDAYS(J6,K6,Hoja2!$A$2:$A$53)) -> 0 | I6: 45953 | M6: =IF(OR(J6="",AND(L6="",TODAY()<J6),AND(L6<>"",L6<J6)),0, IF(L6="", NETWORKDAYS(J6,TODAY(),Hoja2!$A$2:$A$53), NETWORKDAYS(J6,L6,Hoja2!$A$2:$A$53) ) ) -> 0 | R6: TRUE
A7: Danilo Ramirez | B7: AUT0_2 | C7: Lectura, clasificación y extracción de información desde imágenes de incapacidades | D7: Requerimiento: Se necesita que el sistema identifique, clasifique y extraiga automáticamente la información contenida en las imágenes de incapacidades médicas radicadas, para agilizar la validación y registro de estos documentos dentro del flujo de gestión de incapacidades. El proceso debe utilizar modelos de inteligencia artificial y procesamiento de imágenes (OCR) para reconocer los tipos de documento incluidos en los archivos PDF (por ejemplo: incapacidades, historias clínicas, cédulas, otros anexos) y tomar únicamente las páginas que correspondan a incapacidades médicas, almacenando la información validada y su respectiva hoja de origen. Justificación: Actualmente, los documentos contienen múltiples tipos de imágenes dentro de un mismo archivo, lo que dificulta la extracción manual de la información requerida para el análisis de incapacidades. Este requerimiento busca automatizar la clasificación y extracción de datos relevantes, mejorando la precisión del proceso, reduciendo tiempos de validación y evitando errores humanos en la identificación de archivos. | F7: CANCELADO | G7: 55 | H7: =IF(OR(J7="",K7="",K7<J7),0,NETWORKDAYS(J7,K7,Hoja2!$A$2:$A$53)) -> 0 | I7: 45957 | J7: 45957 | M7: =IF(OR(J7="",AND(L7="",TODAY()<J7),AND(L7<>"",L7<J7)),0, IF(L7="", NETWORKDAYS(J7,TODAY(),Hoja2!$A$2:$A$53), NETWORKDAYS(J7,L7,Hoja2!$A$2:$A$53) ) ) -> 124 | Q7: 28/10/2025: Se han realizado las primeras extracciones con muy poco entrenamiento y ajustando regex como filtro inicial. 31/10/2025: Se continúa trabajando en la extracción automatizada de información de documentos. Se prevé la entrega parcial de resultados durante la jornada, con la funcionalidad lista para validar en ambiente local. 05/11/2025: El modelo ya identifica correctamente cuándo un documento corresponde a una incapacidad y cuándo no. Además, devuelve la información clave de la incapacidad, incluyendo el número de la hoja en la que se encuentra dentro del documento. Se implementó también el nuevo campo “Prórroga”, el cual está siendo extraído correctamente por el modelo durante el proceso de análisis. Actualmente, se planea realizar la implementación en el ambiente de test para validar el comportamiento integral del desarrollo. 24/11/2025: Se recibió información inicial y hubo primera reunión. Aún no se ha analizado la documentación recibida; avance estimado en 5%. Pendiente estructurar el análisis y organizar los insumos. Se presentó fallo por conflicto con una librería y cambios no deseados en la IP pública. Se desinstaló la VPN afectada. Hoy se destinará tiempo para intentar reinstalar paquetes o aprovechar el ambiente test existente. 26/11/2025: Pendiente retomar los ajustes solicitados por Colmena. Se dedicará parte del día a trabajar con Jenry para avanzar, ya que no se pudo atender este requerimiento en días anteriores por priorización de otros temas. 03/12/2025: El ambiente ya está funcional y con los paquetes listos. Se inicia la revisión de las tablas involucradas para identificar dónde se insertan las incapacidades. La idea es automatizar la extracción de datos mediante un trigger para sincronizarlas con la aplicación del tercero. Se avanza en paralelo mientras se trabajan tareas de desarrollo de Bolívar. 05/12/2025: Se continúa avanzando pero con dificultad debido a la disponibilidad de la VPN, que es compartida por varios usuarios. Se realizaron avances parciales, pero no se ha podido dedicar tiempo continuo al requerimiento. 17/12/2025: Se trabajó parcialmente en el requerimiento de incapacidades. El avance se vio afectado por múltiples problemas de conexión VPN y acceso a equipos remotos (especialmente el equipo asignado a Henry), lo que obligó a reinstalar clientes y usar equipos alternos. A pesar de las dificultades, se avanzó en la implementación de una nueva tabla para almacenar la información extraída, logrando un progreso adicional estimado del 5%. El avance fue menor al esperado debido a los bloqueos técnicos. 13/02/2026: Danilo informa que el requerimiento lo continua ejecunatando Jhon | R7: FALSE
A8: Jhon Bermudez | B8: AUT0_1 | C8: Digitación Data SBS | D8: Requerimiento: Se requiere desarrollar un proceso que permita ingresar a la plataforma SBSeguros utilizando credenciales de autenticación válidas, con el propósito de consultar, validar y extraer información asociada a un documento específico. El proceso deberá realizar las siguientes acciones: 1. Autenticación: Ingresar a la plataforma SBSeguros empleando las credenciales de inicio de sesión autorizadas para el proceso de consulta. 2. Validación de información: Verificar si el documento consultado cuenta con información registrada en la plataforma. 3. Extracción de datos: *Desde la sección “Información Básica” o “RUT”, obtener y almacenar el código CIIU correspondiente. *Desde la sección “Información Financiera”, recuperar el valor reportado en el campo “Ingresos Mensuales”. 4.Resultado del proceso: Registrar y/o devolver los datos obtenidos para su uso en procesos posteriores de validación o integración. | F8: FINALIZADO | G8: 100 | H8: =IF(OR(J8="",K8="",K8<J8),0,NETWORKDAYS(J8,K8,Hoja2!$A$2:$A$53)) -> 6 | I8: 45958 | J8: 45958 | K8: 45966 | L8: 45961 | M8: =IF(OR(J8="",AND(L8="",TODAY()<J8),AND(L8<>"",L8<J8)),0, IF(L8="", NETWORKDAYS(J8,TODAY(),Hoja2!$A$2:$A$53), NETWORKDAYS(J8,L8,Hoja2!$A$2:$A$53) ) ) -> 4 | O8: 45960 | P8: 45960 | Q8: 28/10/2025 Se valida método de consulta de manera manual y se descubre que a partir del consumo de una URL se puede hacer la consulta completa con los resultados que la plataforma retorna de manera visual 29/10/2025 Se ajusta script para filtrar y trasformar la información de tal manera que sea útil para utilizarla 30/10/2025 Ajuste del scritp para mejorar el la respuesta 31/10/2025 Se ejecutan la lista de NIT´s pendientes | R8: TRUE
A9: Brayan Diaz | B9: MEJORA_1 | C9: causales devolucion zehux | D9: Unificar las causales de devolución y que se vean reflajadas en el informe | F9: FINALIZADO | G9: 100 | H9: =IF(OR(J9="",K9="",K9<J9),0,NETWORKDAYS(J9,K9,Hoja2!$A$2:$A$53)) -> 2 | I9: 46006 | J9: 46006 | K9: 46007 | L9: 46007 | M9: =IF(OR(J9="",AND(L9="",TODAY()<J9),AND(L9<>"",L9<J9)),0, IF(L9="", NETWORKDAYS(J9,TODAY(),Hoja2!$A$2:$A$53), NETWORKDAYS(J9,L9,Hoja2!$A$2:$A$53) ) ) -> 2 | O9: 46007 | P9: 46007 | Q9: 16/12/2025 se realizaron los cambios solicitados | R9: TRUE
A10: Brayan Diaz | B10: MEJORA_2 | C10: modulo punteo | D10: Hacer un modulo de punteo de los PTC y EHB | F10: FINALIZADO | G10: 100 | H10: =IF(OR(J10="",K10="",K10<J10),0,NETWORKDAYS(J10,K10,Hoja2!$A$2:$A$53)) -> 1 | I10: 46014 | J10: 46018 | K10: 46020 | L10: 46020 | M10: =IF(OR(J10="",AND(L10="",TODAY()<J10),AND(L10<>"",L10<J10)),0, IF(L10="", NETWORKDAYS(J10,TODAY(),Hoja2!$A$2:$A$53), NETWORKDAYS(J10,L10,Hoja2!$A$2:$A$53) ) ) -> 1 | O10: 46020 | P10: 46020 | Q10: se requiere reunion para aclaracion del requerimiento 29/12/2025 se entrega implementado en produccion | R10: TRUE
A11: Brayan Diaz | B11: MEJORA_3 | C11: Automatizacion de SAT independientes | D11: Automatizacion de SAT independientes | F11: PRUEBAS ClIENTE | G11: 95 | H11: =IF(OR(J11="",K11="",K11<J11),0,NETWORKDAYS(J11,K11,Hoja2!$A$2:$A$53)) -> 0 | I11: 46009 | M11: =IF(OR(J11="",AND(L11="",TODAY()<J11),AND(L11<>"",L11<J11)),0, IF(L11="", NETWORKDAYS(J11,TODAY(),Hoja2!$A$2:$A$53), NETWORKDAYS(J11,L11,Hoja2!$A$2:$A$53) ) ) -> 0 | Q11: 20251218, se requiere permisos para conmexion a las urls de consumo del api, se valida con tecnologia de colmena, aun no dan el permiso solicitado, por lo tanto se mantiene en espera 20260116 ya se concedieron permisos para la conexion a la url de preubas de la consulta, se probo conexiones y funciona, se indica a colmena para identificar el apso a seguir 25/02/2026: Pausado por el gobierno | R11: FALSE
A12: Brayan Diaz | B12: MEJORA_4 | C12: mejoras Enfermedad Laboral | D12: mejorar las vistas de gestion del modulo de enfermedad laboral | F12: FINALIZADO | G12: 100 | H12: =IF(OR(J12="",K12="",K12<J12),0,NETWORKDAYS(J12,K12,Hoja2!$A$2:$A$53)) -> 6 | I12: 46013 | J12: 46014 | K12: 46022 | L12: 46027 | M12: =IF(OR(J12="",AND(L12="",TODAY()<J12),AND(L12<>"",L12<J12)),0, IF(L12="", NETWORKDAYS(J12,TODAY(),Hoja2!$A$2:$A$53), NETWORKDAYS(J12,L12,Hoja2!$A$2:$A$53) ) ) -> 8 | O12: 46027 | P12: 46027 | Q12: 20260105 se realiza paso a produccion 20260106 se realizan ajustes por errores presentados en el paso a produccion | R12: TRUE
A13: Brayan Diaz | B13: MEJORA_5 | C13: opcion modificar radicados zehux | F13: FINALIZADO | G13: 100 | H13: =IF(OR(J13="",K13="",K13<J13),0,NETWORKDAYS(J13,K13,Hoja2!$A$2:$A$53)) -> 4 | I13: 46020 | J13: 46020 | K13: 46024 | L13: 46024 | M13: =IF(OR(J13="",AND(L13="",TODAY()<J13),AND(L13<>"",L13<J13)),0, IF(L13="", NETWORKDAYS(J13,TODAY(),Hoja2!$A$2:$A$53), NETWORKDAYS(J13,L13,Hoja2!$A$2:$A$53) ) ) -> 4 | O13: 46024 | P13: 46024 | R13: TRUE
A14: Brayan Diaz | B14: MEJORA_6 | C14: validacion error separacion imagenes | F14: FINALIZADO | G14: 100 | H14: =IF(OR(J14="",K14="",K14<J14),0,NETWORKDAYS(J14,K14,Hoja2!$A$2:$A$53)) -> 4 | I14: 46020 | J14: 46020 | K14: 46024 | L14: 46027 | M14: =IF(OR(J14="",AND(L14="",TODAY()<J14),AND(L14<>"",L14<J14)),0, IF(L14="", NETWORKDAYS(J14,TODAY(),Hoja2!$A$2:$A$53), NETWORKDAYS(J14,L14,Hoja2!$A$2:$A$53) ) ) -> 5 | O14: 46027 | P14: 46027 | R14: TRUE
A15: Brayan Diaz | B15: MEJORA_7 | C15: actualizacion cargue masivo listados | F15: FINALIZADO | G15: 100 | H15: =IF(OR(J15="",K15="",K15<J15),0,NETWORKDAYS(J15,K15,Hoja2!$A$2:$A$53)) -> 7 | I15: 46020 | J15: 46020 | K15: 46029 | L15: 46028 | M15: =IF(OR(J15="",AND(L15="",TODAY()<J15),AND(L15<>"",L15<J15)),0, IF(L15="", NETWORKDAYS(J15,TODAY(),Hoja2!$A$2:$A$53), NETWORKDAYS(J15,L15,Hoja2!$A$2:$A$53) ) ) -> 6 | O15: 46028 | P15: 46029 | R15: TRUE
A16: Brayan Diaz | B16: MEJORA_8 | C16: mejora informe estadisticos imagine | F16: PRUEBAS IMAGINE | G16: 95 | H16: =IF(OR(J16="",K16="",K16<J16),0,NETWORKDAYS(J16,K16,Hoja2!$A$2:$A$53)) -> 2 | I16: 46037 | J16: 46038 | K16: 46041 | L16: 46040 | M16: =IF(OR(J16="",AND(L16="",TODAY()<J16),AND(L16<>"",L16<J16)),0, IF(L16="", NETWORKDAYS(J16,TODAY(),Hoja2!$A$2:$A$53), NETWORKDAYS(J16,L16,Hoja2!$A$2:$A$53) ) ) -> 1 | O16: 46040 | Q16: 25/02/2026: Se entrego en test a rocio el 18 de enero y pendiente ajustes solicitados por rocio. | R16: TRUE
A17: Brayan Diaz | B17: MEJORA_9 | C17: ajustes boton digital | D17: creacion nuevos campos y tablas para el proceso de afiliacion boton digital | F17: PAUSADO | G17: 95 | H17: =IF(OR(J17="",K17="",K17<J17),0,NETWORKDAYS(J17,K17,Hoja2!$A$2:$A$53)) -> 5 | I17: 46036 | J17: 46038 | K17: 46044 | M17: =IF(OR(J17="",AND(L17="",TODAY()<J17),AND(L17<>"",L17<J17)),0, IF(L17="", NETWORKDAYS(J17,TODAY(),Hoja2!$A$2:$A$53), NETWORKDAYS(J17,L17,Hoja2!$A$2:$A$53) ) ) -> 71 | O17: 46048 | Q17: 2026/01/26 Se espera la instruccion por parte de colmena para el paso a produccion de los cambios. | R17: FALSE
A18: Brayan Diaz | B18: automatizacion | C18: counsulta automatica senda | D18: validacion de consulta automatico en senda medico para el proceso de enfermedad laboral | F18: PAUSADO | G18: 5 | H18: =IF(OR(J18="",K18="",K18<J18),0,NETWORKDAYS(J18,K18,Hoja2!$A$2:$A$53)) -> 13 | I18: 46032 | J18: 46036 | K18: 46052 | M18: =IF(OR(J18="",AND(L18="",TODAY()<J18),AND(L18<>"",L18<J18)),0, IF(L18="", NETWORKDAYS(J18,TODAY(),Hoja2!$A$2:$A$53), NETWORKDAYS(J18,L18,Hoja2!$A$2:$A$53) ) ) -> 73 | Q18: 20260119 se deben hacer mas validaciones para identificar las tablas y campos necesarios para la automatizacion de la conuslta | R18: TRUE
A19: Brayan Diaz | B19: MEJORA_10 | C19: nueva marcacion de entrada y salida | F19: FINALIZADO | G19: 100 | H19: =IF(OR(J19="",K19="",K19<J19),0,NETWORKDAYS(J19,K19,Hoja2!$A$2:$A$53)) -> 3 | I19: 46038 | J19: 46043 | K19: 46046 | L19: 46044 | M19: =IF(OR(J19="",AND(L19="",TODAY()<J19),AND(L19<>"",L19<J19)),0, IF(L19="", NETWORKDAYS(J19,TODAY(),Hoja2!$A$2:$A$53), NETWORKDAYS(J19,L19,Hoja2!$A$2:$A$53) ) ) -> 2 | O19: 46044 | P19: 46045 | R19: TRUE
A20: Brayan Diaz | B20: MEJORA_11 | C20: mejora importador de lotes | F20: FINALIZADO | G20: 100 | H20: =IF(OR(J20="",K20="",K20<J20),0,NETWORKDAYS(J20,K20,Hoja2!$A$2:$A$53)) -> 3 | I20: 46035 | J20: 46035 | K20: 46037 | L20: 46036 | M20: 10 | O20: 46036 | P20: 46058 | Q20: 20260205 se hace el apso a produccion definitivo con las nuevasa mejoras de masivo y se poone en ejecucion | R20: TRUE
A21: Jhon Bermudez | B21: MEJORA_12 | C21: Lectura Excel Afiliaciones | D21: pasar la lectura de excel a python/php para mejorar validaciones y no depender demasiado de acces | F21: PRUEBAS IMAGINE | G21: 95 | H21: =IF(OR(J21="",K21="",K21<J21),0,NETWORKDAYS(J21,K21,Hoja2!$A$2:$A$53)) -> 11 | I21: 46045 | J21: 46048 | K21: 46062 | M21: =IF(OR(J21="",AND(L21="",TODAY()<J21),AND(L21<>"",L21<J21)),0, IF(L21="", NETWORKDAYS(J21,TODAY(),Hoja2!$A$2:$A$53), NETWORKDAYS(J21,L21,Hoja2!$A$2:$A$53) ) ) -> 65 | Q21: 20260202 se hace muestra del desarrollo se identifican nuevas validaciones, se inicia implementacion de las nuevas indicaciones a validar | R21: TRUE
A22: Brayan Diaz | B22: MEJORA_13 | C22: mejora acces novedades | D22: habilitar en php la opcion de modificacion en tablas temporales que actualmente se hacie en access | F22: FINALIZADO | G22: 100 | H22: 1 | I22: 46057 | J22: 46058 | K22: 46058 | L22: 46058 | M22: 1 | O22: 46058 | P22: 46058 | Q22: 20260205 se deja para la realizacion de pruebas | R22: TRUE
A23: Brayan Diaz | B23: MEJORA_14 | C23: migracion modulo cartera | D23: migracion del modulo y opciones de cartera de php a python | F23: PAUSADO | G23: 35 | H23: =IF(OR(J23="",K23="",K23<J23),0,NETWORKDAYS(J23,K23,Hoja2!$A$2:$A$53)) -> 8 | I23: 46058 | J23: 46059 | K23: 46070 | M23: =IF(OR(J23="",AND(L23="",TODAY()<J23),AND(L23<>"",L23<J23)),0, IF(L23="", NETWORKDAYS(J23,TODAY(),Hoja2!$A$2:$A$53), NETWORKDAYS(J23,L23,Hoja2!$A$2:$A$53) ) ) -> 56 | Q23: 25/02/2026: Pausado por gerencia | R23: TRUE
A24: Brayan Diaz | B24: MEJORA_15 | C24: migracion reembolsos | D24: migracion de la opcion de reembolsos a python | F24: EN PROCESO | G24: 90 | H24: =IF(OR(J24="",K24="",K24<J24),0,NETWORKDAYS(J24,K24,Hoja2!$A$2:$A$53)) -> 3 | I24: 46065 | J24: 46065 | K24: 46069 | M24: =IF(OR(J24="",AND(L24="",TODAY()<J24),AND(L24<>"",L24<J24)),0, IF(L24="", NETWORKDAYS(J24,TODAY(),Hoja2!$A$2:$A$53), NETWORKDAYS(J24,L24,Hoja2!$A$2:$A$53) ) ) -> 52 | Q24: 25/02/2026: Desarrollo en local | R24: TRUE
A25: Brayan Diaz | B25: MEJORA_16 | C25: requerimiento zehux | D25: solicitud de cambio de formulario de radicacion de fcc en zehux y ajuste para no permitir cierre de casos sin adjuntar archivo nombrado calidad renovacion | F25: FINALIZADO | G25: 100 | H25: =IF(OR(J25="",K25="",K25<J25),0,NETWORKDAYS(J25,K25,Hoja2!$A$2:$A$53)) -> 1 | I25: 46069 | J25: 46069 | K25: 46069 | L25: 46069 | M25: 1 | O25: 46069 | R25: TRUE
A26: Brayan Diaz | B26: MEJORA_17 | C26: requerimiento sat 1 y 2 | D26: En este caso se solicita la creación o poblar los campos de los layout de acuerdo a la estructura del SAT de los servicios "3.1 Afiliación de un empleador a una ARL En este caso se solicita la creación o poblar los campos de los layout de acuerdo a la estructura del SAT de los servicios "3.2 Novedades de Sede (Creación, Actualización e Inactivación)", donde en los documentos adjuntos se especifica las tablas temporales en las cuales viajara la información que ingrese a través de SAT. | F26: EN PROCESO | G26: 95 | H26: =IF(OR(J26="",K26="",K26<J26),0,NETWORKDAYS(J26,K26,Hoja2!$A$2:$A$53)) -> 0 | I26: 46069 | J26: 46079 | M26: =IF(OR(J26="",AND(L26="",TODAY()<J26),AND(L26<>"",L26<J26)),0, IF(L26="", NETWORKDAYS(J26,TODAY(),Hoja2!$A$2:$A$53), NETWORKDAYS(J26,L26,Hoja2!$A$2:$A$53) ) ) -> 42 | O26: 46119 | Q26: 20260407 sesion con el cleinte mostrando el avance, se da visto bueno de lo desarrollado, se pacta una nueva reunion para validar los siguientes putnos a realizar | R26: TRUE
A27: Brayan Diaz | B27: MEJORA_19 | C27: migracion aviatur | D27: Aviatur falta tema alojamientos migrarlo a solicitudes adm | F27: EN PROCESO | G27: 0 | H27: =IF(OR(J27="",K27="",K27<J27),0,NETWORKDAYS(J27,K27,Hoja2!$A$2:$A$53)) -> 0 | I27: 46069 | J27: 46076 | M27: =IF(OR(J27="",AND(L27="",TODAY()<J27),AND(L27<>"",L27<J27)),0, IF(L27="", NETWORKDAYS(J27,TODAY(),Hoja2!$A$2:$A$53), NETWORKDAYS(J27,L27,Hoja2!$A$2:$A$53) ) ) -> 45 | R27: TRUE
A28: Brayan Diaz | B28: req arl | C28: ajuste pila | D28: no tomar la novedad de retiro registrada en la planilla, cuando el tipo de cotizante en la planilla sea (19 Aprendices en etapa productiva), esto aplica cuando viene solamente novedad de retiro e ingreso y retiro en la misma planilla. Este tipo de cotizante viene registrado en la planilla tipo E y tipo N. | F28: FINALIZADO | G28: 100 | H28: =IF(OR(J28="",K28="",K28<J28),0,NETWORKDAYS(J28,K28,Hoja2!$A$2:$A$53)) -> 5 | I28: 46069 | J28: 46069 | K28: 46073 | L28: 46073 | M28: =IF(OR(J28="",AND(L28="",TODAY()<J28),AND(L28<>"",L28<J28)),0, IF(L28="", NETWORKDAYS(J28,TODAY(),Hoja2!$A$2:$A$53), NETWORKDAYS(J28,L28,Hoja2!$A$2:$A$53) ) ) -> 5 | R28: TRUE
A29: Brayan Diaz | B29: MEJORA_21 | C29: ajute recaudo | D29: se solicita implementar un botón para el descargue de planos, para el proceso de traslado a otras ARL. | F29: FINALIZADO | G29: 100 | H29: =IF(OR(J29="",K29="",K29<J29),0,NETWORKDAYS(J29,K29,Hoja2!$A$2:$A$53)) -> 13 | I29: 46069 | J29: 46071 | K29: 46087 | L29: 46087 | M29: =IF(OR(J29="",AND(L29="",TODAY()<J29),AND(L29<>"",L29<J29)),0, IF(L29="", NETWORKDAYS(J29,TODAY(),Hoja2!$A$2:$A$53), NETWORKDAYS(J29,L29,Hoja2!$A$2:$A$53) ) ) -> 13 | N29: 46092 | O29: 46091 | P29: 46093 | R29: TRUE
A30: Brayan Diaz | B30: MEJORA_22 | C30: log sp | D30: Revisar el log de las actividades de buzonSP | F30: FINALIZADO | G30: 100 | H30: =IF(OR(J30="",K30="",K30<J30),0,NETWORKDAYS(J30,K30,Hoja2!$A$2:$A$53)) -> 6 | I30: 46069 | J30: 46098 | K30: 46106 | L30: 46099 | M30: =IF(OR(J30="",AND(L30="",TODAY()<J30),AND(L30<>"",L30<J30)),0, IF(L30="", NETWORKDAYS(J30,TODAY(),Hoja2!$A$2:$A$53), NETWORKDAYS(J30,L30,Hoja2!$A$2:$A$53) ) ) -> 2 | N30: 46106 | O30: 46100 | R30: TRUE
A31: Brayan Diaz | B31: MEJORA_23 | C31: mejora bandeja enfermedad laboral | D31: se solicita mejorar la bandeja de trabajo de enfermedad laboral agraganod los filtros por cedula, juntas tipo servicio | F31: FINALIZADO | G31: 100 | H31: =IF(OR(J31="",K31="",K31<J31),0,NETWORKDAYS(J31,K31,Hoja2!$A$2:$A$53)) -> 1 | I31: 46083 | J31: 46085 | K31: 46085 | L31: 46085 | M31: =IF(OR(J31="",AND(L31="",TODAY()<J31),AND(L31<>"",L31<J31)),0, IF(L31="", NETWORKDAYS(J31,TODAY(),Hoja2!$A$2:$A$53), NETWORKDAYS(J31,L31,Hoja2!$A$2:$A$53) ) ) -> 1 | N31: 46085 | O31: 46085 | P31: 46085 | Q31: 20260304 se implementa y se pasa a produccion despues de la revision de jennifer | R31: TRUE
A32: Brayan Diaz | B32: reqerimiento | C32: solicitud inclusion en zehux | D32: se solictan 4 puntos de mejoras en el aplicativo zehux, inclusion de usaurios a lista de asignacion masiva, filtro de bandeja de sistemas asignacion automatica movimiento renovacion y expedicion visualizar prima estimada en pagina de radicado | F32: FINALIZADO | G32: 100 | H32: =IF(OR(J32="",K32="",K32<J32),0,NETWORKDAYS(J32,K32,Hoja2!$A$2:$A$53)) -> 4 | I32: 46091 | J32: 46091 | K32: 46094 | M32: =IF(OR(J32="",AND(L32="",TODAY()<J32),AND(L32<>"",L32<J32)),0, IF(L32="", NETWORKDAYS(J32,TODAY(),Hoja2!$A$2:$A$53), NETWORKDAYS(J32,L32,Hoja2!$A$2:$A$53) ) ) -> 34 | N32: 46098 | O32: 46091 | Q32: se estan realzando pruebas por parte del cliente para confirmar el paso a produccion 20260317 el cliente aun esta realizando pruebas, ya confirmom 3 de los 4 puntos | R32: TRUE
A33: Brayan Diaz | B33: requerimiento | C33: retirar validacion retiros retroactivos | D33: se solicita retirar la validacion de 161 dias que no deja tomar retiros retroactivos en el proceso pila | F33: FINALIZADO | G33: 100 | H33: =IF(OR(J33="",K33="",K33<J33),0,NETWORKDAYS(J33,K33,Hoja2!$A$2:$A$53)) -> 4 | I33: 46092 | J33: 46093 | K33: 46098 | L33: 46098 | M33: =IF(OR(J33="",AND(L33="",TODAY()<J33),AND(L33<>"",L33<J33)),0, IF(L33="", NETWORKDAYS(J33,TODAY(),Hoja2!$A$2:$A$53), NETWORKDAYS(J33,L33,Hoja2!$A$2:$A$53) ) ) -> 4 | N33: 46098 | O33: 46098 | P33: 46098 | R33: TRUE
A34: Brayan Diaz | B34: solicitud 1 | C34: creacion e inclusion nueva tipologia | D34: se solicita la creacion de la nueva tipologia NI GENERACION CARNETS y agregarla al flujo de buzon SP | F34: FINALIZADO | G34: 100 | H34: =IF(OR(J34="",K34="",K34<J34),0,NETWORKDAYS(J34,K34,Hoja2!$A$2:$A$53)) -> 1 | I34: 46098 | J34: 46098 | K34: 46098 | L34: 46098 | M34: =IF(OR(J34="",AND(L34="",TODAY()<J34),AND(L34<>"",L34<J34)),0, IF(L34="", NETWORKDAYS(J34,TODAY(),Hoja2!$A$2:$A$53), NETWORKDAYS(J34,L34,Hoja2!$A$2:$A$53) ) ) -> 1 | N34: 46098 | O34: 46098 | P34: 46098 | R34: TRUE
A35: brayan Diaz | B35: solicitud 2 | C35: Comunicación a clientes para pagos por PSE | D35: Comunicación a clientes para pagos por PSE | F35: FINALIZADO | G35: 100 | H35: =IF(OR(J35="",K35="",K35<J35),0,NETWORKDAYS(J35,K35,Hoja2!$A$2:$A$53)) -> 5 | I35: 46099 | J35: 46107 | K35: 46113 | M35: =IF(OR(J35="",AND(L35="",TODAY()<J35),AND(L35<>"",L35<J35)),0, IF(L35="", NETWORKDAYS(J35,TODAY(),Hoja2!$A$2:$A$53), NETWORKDAYS(J35,L35,Hoja2!$A$2:$A$53) ) ) -> 23 | N35: 46113 | Q35: 20260327 se envio muestra al cliente para su revision 20260331 el cliente indico cambios para el cuerpo del correo, se inicia trabajo de esos cambios 20260406 se da al cliente la version final, se espera el ultimo aprobado para iniciar con el envio masivo de las notificaciones | R35: TRUE
A36: Brayan Diaz | B36: solicitud 3 | C36: Ajuste cierre automático de buzones | D36: Ajuste cierre automático de buzones | F36: FINALIZADO | G36: 100 | H36: =IF(OR(J36="",K36="",K36<J36),0,NETWORKDAYS(J36,K36,Hoja2!$A$2:$A$53)) -> 1 | I36: 46092 | J36: 46106 | K36: 46106 | L36: 46106 | M36: =IF(OR(J36="",AND(L36="",TODAY()<J36),AND(L36<>"",L36<J36)),0, IF(L36="", NETWORKDAYS(J36,TODAY(),Hoja2!$A$2:$A$53), NETWORKDAYS(J36,L36,Hoja2!$A$2:$A$53) ) ) -> 1 | N36: 46106 | O36: 46106 | P36: 46106 | R36: TRUE
A37: Brayan Diaz | B37: solicitud 4 | C37: ajustes inconsisstencias acciones de cobro | D37: ajustes inconsisstencias acciones de cobro | F37: FINALIZADO | G37: 100 | H37: =IF(OR(J37="",K37="",K37<J37),0,NETWORKDAYS(J37,K37,Hoja2!$A$2:$A$53)) -> 7 | I37: 46118 | J37: 46118 | K37: 46126 | M37: =IF(OR(J37="",AND(L37="",TODAY()<J37),AND(L37<>"",L37<J37)),0, IF(L37="", NETWORKDAYS(J37,TODAY(),Hoja2!$A$2:$A$53), NETWORKDAYS(J37,L37,Hoja2!$A$2:$A$53) ) ) -> 18 | R37: TRUE
A38: Brayan Diaz | B38: solicitud 5 | C38: Ajustar la herramienta Zehux para la radicación de negocios nuevos, de modo que el campo “Número de Póliza” deje de ser obligatorio en dicha etapa, manteniendo como obligatorios únicamente el Número de Producto y el NIT del Tomador; no obstante, se aclara que en la etapa de Validación SARLAFT sí debe exigirse obligatoriamente el número de póliza | D38: Ajustar la herramienta Zehux para la radicación de negocios nuevos, de modo que el campo “Número de Póliza” deje de ser obligatorio en dicha etapa, manteniendo como obligatorios únicamente el Número de Producto y el NIT del Tomador; no obstante, se aclara que en la etapa de Validación SARLAFT sí debe exigirse obligatoriamente el número de póliza | F38: PRUEBAS ClIENTE | G38: 90 | H38: =IF(OR(J38="",K38="",K38<J38),0,NETWORKDAYS(J38,K38,Hoja2!$A$2:$A$53)) -> 3 | I38: 46126 | J38: 46127 | K38: 46130 | M38: =IF(OR(J38="",AND(L38="",TODAY()<J38),AND(L38<>"",L38<J38)),0, IF(L38="", NETWORKDAYS(J38,TODAY(),Hoja2!$A$2:$A$53), NETWORKDAYS(J38,L38,Hoja2!$A$2:$A$53) ) ) -> 11 | R38: TRUE
A39: brayan diaz | B39: solicitud 6 | C39: ajustes herramienta afinidad zehux | D39: Añadir a los documentos básicos la siguiente información obligatoria: Slip de condiciones definitivas y finales Autorización de tratamiento de datos Aprobación del cliente Sarlaft Campos Obligatorios: Razón social y sponsor Cuando sea póliza individual se debe marcar como No obligatorio Cuando sea renovación de póliza colectiva el número es obligatorio. Eliminar del flujo a configuración y asignar a asignar a operaciones afinidad de manera que los comerciales radiquen al equipo operativo primero para después enviar a configuración. | F39: EN PROCESO | G39: 80 | H39: =IF(OR(J39="",K39="",K39<J39),0,NETWORKDAYS(J39,K39,Hoja2!$A$2:$A$53)) -> 5 | I39: 46132 | J39: 46136 | K39: 46143 | M39: =IF(OR(J39="",AND(L39="",TODAY()<J39),AND(L39<>"",L39<J39)),0, IF(L39="", NETWORKDAYS(J39,TODAY(),Hoja2!$A$2:$A$53), NETWORKDAYS(J39,L39,Hoja2!$A$2:$A$53) ) ) -> 4 | N39: 46143 | O39: 46139 | R39: TRUE

Sheet Hoja2
A1: 45292 | B1: Año Nuevo
A2: 45299 | B2: Día de los Reyes Magos
A3: 45376 | B3: Día de San José
A4: 45379 | B4: Jueves Santo (Semana Santa)
A5: 45380 | B5: Viernes Santo (Semana Santa)
A6: 45413 | B6: Día del Trabajo
A7: 45425 | B7: Día de la Ascensión
A8: 45446 | B8: Corpus Christi
A9: 45453 | B9: Sagrado Corazón
A10: 45474 | B10: San Pedro y San Pablo
A11: 45493 | B11: Día de la Independencia
A12: 45511 | B12: Batalla de Boyacá
... A53: 46381 | B53: Navidad

Sheet ASISTENCIA
A1: ASISTENCIA DAYLI
A3: INTEGRANTE | B3: 45596 | C3: 45597 | D3: 45601 | E3: 45602 | F3: 45603 | G3: 45604 | H3: 45608 | I3: 45609 | J3: 45610 | K3: 45611 | L3: 45614 | M3: 45615 | N3: 45616 | O3: 45617 | P3: 45618 | Q3: 45621 | R3: 45622 | S3: 45623 | T3: 45624 | U3: 45625 | V3: 45628 | W3: 45629 | X3: 45630 | Y3: 45631 | Z3: 45632 | AA3: 45635 | AB3: 45636 | AC3: 45637 | AD3: 45638 | AE3: 45639 | AF3: 45642 | AG3: 45643 | AH3: 45644 | AI3: 45645 | AJ3: 45646 | AK3: 45649 | AL3: 45650 | AM3: 45652 | AN3: 45653 | AO3: 45656 | AP3: 45656 | AQ3: 45664 | AR3: 45665 | AS3: 45666 | AT3: 45667 | AU3: 45670 | AV3: 45671 | AW3: 45672 | AX3: 45673 | AY3: 45674 | AZ3: 45677 | BA3: 45678 | BB3: 45679 | BC3: 45680 | BD3: 45681 | BE3: 45684 | BF3: 45685 | BG3: 45686 | BH3: 45687 | BI3: 45688 | BJ3: 45691 | BK3: 45692 | BL3: 45693 | BM3: 45694 | BN3: 45695 | BO3: 45698 | BP3: 45699 | BQ3: 45700 | BR3: 45701 | BS3: 45702 | BT3: 45705 | BU3: 45706 | BV3: 45707 | BW3: 45708 | BX3: 45709 | BY3: 45712 | BZ3: 45713 | CA3: 45714 | CB3: 45715 | CC3: 45716 | CD3: 45719 | CE3: 45720 | CF3: 45721 | CG3: 45722 | CH3: 45723 | CI3: 45726 | CJ3: 45727 | CK3: 45728 | CL3: 45729 | CM3: 45730 | CN3: 45733 | CO3: 45734 | CP3: 45735 | CQ3: 45736 | CR3: 45737 | CS3: 45741
A4: DANILO RAMIREZ | B4: SI | C4: no (Dia de la familia) | D4: SI | E4: SI | F4: SI | G4: SI | H4: SI | I4: SI | J4: SI | K4: SI | L4: SI | M4: SI | N4: SI | O4: No hubo sesion | P4: SI | Q4: SI | R4: SI | S4: SI | T4: SI | U4: NO | V4: SI | W4: SI | X4: SI | Y4: SI | Z4: SI | AA4: SI | AB4: SI | AC4: SI | AD4: SI | AE4: No hubo sesión | AF4: SI | AG4: SI | AH4: SI | AI4: SI | AJ4: SI | AK4: SI | AL4: NO HUBO SESION | AM4: NO | AN4: NO | AO4: SI | AP4: NO HAY SESION | AQ4: SI | AR4: SI | AS4: NO HAY SESION | AT4: SI | AU4: SI | AV4: SI | AW4: SI | AX4: SI | AY4: NO HAY SESION | AZ4: SI | BA4: SI | BB4: SI | BC4: SI | BD4: SI | BE4: SI | BF4: SI | BG4: SI | BH4: SI | BI4: SI | BJ4: NO HAY SESION | BK4: Vacaciones | BL4: Vacaciones | BM4: Vacaciones | BN4: Vacaciones | BO4: Vacaciones | BP4: Vacaciones | BQ4: Vacaciones | BR4: SI | BS4: SI | BT4: SI | BU4: SI | BV4: SI | BW4: SI | BX4: SI | BY4: SI | BZ4: SI | CA4: SI | CB4: SI | CC4: SI | CD4: SI | CE4: SI | CF4: SI | CI4: No hobo sesion por caida de los sitios. | CS4: SI
A5: JAIRO NIÑO | B5: SI | C5: SI | D5: SI | E5: SI | F5: SI | G5: SI | H5: SI | I5: SI | J5: SI | K5: SI | L5: Vacaciones | M5: Vacaciones | N5: Vacaciones | O5: Vacaciones | P5: Vacaciones | Q5: SI | R5: SI | S5: SI | T5: SI | U5: SI | V5: SI | W5: SI | X5: SI | Y5: SI | Z5: SI | AA5: SI | AB5: SI | AC5: SI | AD5: SI | AF5: SI | AG5: SI | AH5: SI | AI5: SI | AJ5: SI | AK5: SI | AM5: SI | AN5: SI | AO5: SI | AQ5: Vacaciones | AR5: Vacaciones | AT5: Vacaciones | AU5: Vacaciones | AV5: Vacaciones | AW5: Vacaciones | AX5: Vacaciones | AZ5: Vacaciones | BA5: SI | BB5: SI | BC5: SI | BD5: SI | BE5: SI | BF5: SI | BG5: SI | BH5: SI | BI5: SI | BK5: SI | BL5: SI | BM5: SI | BN5: SI | BO5: SI | BP5: SI | BQ5: SI | BR5: SI | BS5: SI | BT5: SI | BU5: SI | BV5: SI | BW5: SI | BX5: SI | BY5: SI | BZ5: SI | CA5: SI | CB5: SI | CC5: SI | CD5: SI | CE5: SI | CF5: SI | CS5: SI
A6: JESUS PEÑA | B6: SI | C6: SI | D6: SI | E6: SI | F6: SI | G6: SI | H6: SI | I6: SI | J6: SI | K6: Dia de la familia | L6: SI | M6: SI | N6: SI | O6: No hubo sesion | P6: SI | Q6: SI | R6: SI | S6: SI | T6: SI | U6: SI | V6: SI | W6: SI | X6: SI | Y6: SI | Z6: SI | AA6: SI | AB6: SI | AC6: SI | AD6: SI | AF6: SI | AG6: SI | AH6: SI | AI6: SI | AJ6: SI | AK6: SI | AM6: SI | AN6: SI | AO6: SI | AQ6: SI | AR6: SI | AT6: SI | AU6: SI | AV6: SI | AW6: SI | AX6: SI | AZ6: SI | BA6: SI | BB6: SI | BC6: SI | BD6: SI | BE6: SI | BF6: SI | BG6: SI | BH6: SI | BI6: SI | BK6: SI | BL6: SI | BM6: Falla electrica | BN6: SI | BO6: SI | BP6: SI | BQ6: SI | BR6: SI | BS6: SI | BT6: SI | BU6: SI | BV6: SI | BW6: SI | BX6: SI | BY6: SI | BZ6: SI | CA6: SI | CB6: SI | CC6: SI | CD6: SI | CE6: SI | CF6: SI | CS6: SI
A7: LUIS BEDOYA | B7: SI | C7: SI | D7: SI | E7: SI | F7: SI | G7: SI | H7: SI | I7: SI | J7: SI | K7: SI | L7: Dia de la familia | M7: SI | N7: SI | O7: No hubo sesion | P7: SI | Q7: SI | R7: SI | S7: SI | T7: SI | U7: SIN INTERNET | V7: SI | W7: SI | X7: SI | Y7: SI | Z7: NO | AA7: SI | AB7: SI | AC7: SI | AD7: SI | AF7: SI | AG7: SI | AH7: SI | AI7: SI | AJ7: SI | AK7: SI | AM7: SI | AN7: SI | AO7: SI | AQ7: SI | AR7: SI | AT7: SI | AU7: NO | AV7: SI | AW7: SI | AX7: SI | AZ7: SI | BA7: SI | BB7: SI | BC7: SI | BD7: SI | BE7: SI | BF7: SI | BG7: SI | BH7: SI | BI7: SI | BK7: SI | BL7: SI | BM7: SI | BN7: SI | BO7: NO | BU7: SI | BV7: SI | BW7: SI | BX7: SI
A8: JOHAN QUICENO | B8: SI | C8: SI | D8: SI | E8: SI | F8: SI | G8: SI | H8: SI | I8: SI | J8: SI | K8: SI | L8: NO | M8: SI | N8: SI | O8: No hubo sesion | P8: SI | Q8: SI | R8: SI | S8: SI | T8: SI | U8: SI | V8: SI | W8: Permiso | X8: SI | Y8: SI | Z8: SI | AA8: SI | AB8: NO | AC8: SI | AD8: SI | AF8: SI | AG8: SI | AH8: SI | AI8: SI | AJ8: SI | AK8: SI | AM8: SI | AN8: NO | AO8: SI | AQ8: SI | AR8: SI | AT8: SI | AU8: SI | AV8: SI | AW8: SI | AX8: SI | AZ8: SI | BA8: SI | BB8: SI | BC8: SI | BD8: SI | BE8: SI | BF8: SI | BG8: sin internet | BH8: SI | BI8: SI | BK8: SI | BL8: SI | BM8: SI | BN8: SI | BO8: SI | BP8: SI | BQ8: SI | BR8: SI | BS8: SI | BT8: SI | BU8: SI | BV8: SI | BW8: SI | BX8: TRABAJO HASTA HOY
A9: FABIO FORERO | B9: SI | C9: SI | D9: SI | E9: SI | F9: SI | G9: SI | H9: SI | I9: SI | J9: SI | K9: SI | L9: SI | M9: SI | N9: SI | O9: Dia de la familia | P9: SI | Q9: SI | R9: SI | S9: SI | T9: SI | U9: SI | V9: SI | W9: SI | X9: SI | Y9: SI | Z9: SI | AA9: SI | AB9: SI | AC9: SI | AD9: SI | AF9: SI | AG9: SI | AH9: SI | AI9: SI | AJ9: SI | AK9: SI | AM9: SI | AN9: SI | AO9: SI | AQ9: SI | AR9: SI | AT9: SI | AU9: SI | AV9: SI | AW9: SI | AX9: SI | AZ9: SI | BA9: SI | BB9: SI | BC9: SI | BD9: SI | BE9: SI | BF9: SI | BG9: SI | BH9: SI | BI9: SI | BK9: SI | BL9: SI | BM9: SI | BN9: SI | BO9: SI | BP9: SI | BQ9: SI | BR9: SI | BS9: SI | BT9: SI | BU9: SI | BV9: SI | BW9: SI | BX9: SI | BY9: SI | BZ9: SI | CA9: SI | CB9: SI | CC9: SI | CD9: SI | CE9: SI | CF9: SI | CS9: SI
A10: JENRY HENAO | B10: SI | C10: SI | D10: SI | E10: SI | F10: SI | G10: SI | H10: SI | I10: NO | J10: SI | K10: NO | L10: SI | M10: SI | N10: NO | O10: No hubo sesion | P10: NO | Q10: NO | R10: SI | S10: SI | T10: SI | U10: NO | V10: SI | W10: SI | X10: SI | Y10: SI | Z10: SI | AA10: SI | AB10: SI | AC10: SI | AD10: SI | AF10: SI | AG10: SI | AH10: SI | AI10: SI | AJ10: SI | AK10: NO | AM10: NO | AN10: SI | AO10: SI | AQ10: SI | AR10: SI | AT10: SI | AU10: SI | AV10: SI | AW10: SI | AX10: SI | AZ10: SI | BA10: NO | BB10: NO | BC10: NO | BD10: NO | BE10: NO | BF10: SI | BG10: SI | BH10: SI | BI10: SI | BK10: SI | BL10: SI | BM10: SI | BN10: SI | BO10: SI | BP10: SI | BQ10: SI | BR10: SI | BS10: SI | BT10: SI | BU10: SI | BV10: SI | BW10: NO | BX10: SI | BY10: SI | BZ10: SI | CA10: SI | CB10: SI | CC10: SI | CD10: SI | CE10: SI | CF10: SI | CS10: SI
A11: LIYIBET PEREZ | B11: SI | C11: SI | D11: SI | E11: SI | F11: SI | G11: SI | H11: SI | I11: SI | J11: nomina | K11: NO | L11: SI | M11: NO | N11: SI | O11: No hubo sesion | P11: SI | Q11: SI | R11: SI | S11: NO | T11: NO | U11: NO | V11: SI | W11: SI | X11: SI | Y11: SI | Z11: SI | AA11: SI | AB11: SI | AC11: SI | AD11: NO | AF11: SI | AG11: SI | AH11: SI | AI11: SI | AJ11: SI | AK11: SI | AM11: SI | AN11: SI | AO11: SI | AQ11: SI | AR11: SI | AT11: SI | AU11: NO | AV11: NO | AW11: SI | AX11: SI | AZ11: NO | BA11: SI | BB11: SI | BC11: SI | BD11: SI | BE11: NO | BF11: NO | BG11: NO | BH11: SI | BI11: SI | BK11: SI | BL11: SI | BM11: SI | BN11: SI | BO11: NO | BP11: SI | BQ11: SI | BR11: NOMINA | BS11: SI | BT11: SI | BU11: SI | BV11: SI | BW11: SI | BX11: SI | BY11: SI | BZ11: SI | CA11: SI | CB11: NO | CC11: NO | CD11: SI | CE11: SI | CF11: SI | CS11: SI
A12: WILSON APONTE | B12: SI | C12: NO | D12: SI | E12: SI | F12: NO | G12: NO | H12: SI | I12: NO | J12: SI | K12: NO | L12: SI | M12: NO | N12: NO | O12: No hubo sesion | P12: SI | Q12: NO | R12: NO | S12: NO | T12: NO | U12: NO | V12: NO | W12: SI | X12: NO | Y12: NO | Z12: SI | AA12: NO | AB12: NO | AC12: SI | AD12: NO | AF12: NO | AG12: NO | AH12: NO | AI12: NO | AJ12: SI | AK12: SI | AM12: NO | AN12: NO | AO12: NO | AQ12: NO | AR12: NO | AT12: NO | AU12: NO | AV12: SI | AW12: SI | AX12: NO | AZ12: NO | BA12: NO | BB12: NO | BC12: SI | BD12: NO | BE12: SI | BF12: NO | BG12: NO | BH12: SI | BI12: NO | BK12: NO | BL12: NO | BM12: SI | BN12: NO | BO12: NO | BP12: NO | BQ12: NO | BR12: SI | BS12: NO | BT12: NO | BU12: SI | BV12: SI | BW12: NO | BX12: NO | BY12: SI | BZ12: NO | CA12: NO | CB12: SI | CC12: NO | CD12: NO | CE12: SI | CF12: NO | CS12: NO
A13: JOHN ROLON | B13: SI | C13: NO | D13: NO | E13: NO | F13: NO | G13: NO | H13: NO | I13: NO | J13: SI | K13: NO | L13: NO | M13: SI | N13: NO | O13: No hubo sesion | P13: NO | Q13: NO | R13: NO | S13: NO | T13: NO | U13: NO | V13: SI | W13: NO | X13: NO | Y13: NO | Z13: NO | AA13: NO | AB13: NO | AC13: SI | AD13: NO | AF13: NO | AG13: NO | AH13: NO | AI13: SI | AJ13: NO | AK13: NO | AM13: NO | AN13: NO | AO13: NO | AQ13: NO | AR13: NO | AT13: NO | AU13: NO | AV13: NO | AW13: NO | AX13: NO | AZ13: NO | BA13: NO | BB13: NO | BC13: NO | BD13: NO | BE13: NO | BF13: NO | BG13: NO | BH13: NO | BI13: NO | BK13: NO | BL13: NO | BM13: NO | BN13: NO | BO13: NO | BP13: NO | BQ13: NO | BR13: NOMINA | BS13: NO | BT13: NO | BU13: NO | BV13: NO | BW13: NO | BX13: NO | BY13: NO | BZ13: NO | CA13: NO | CB13: NO | CC13: NO | CD13: SI | CE13: SI | CF13: SI | CS13: NO

Sheet pruebas i
A1: Asignado | B1: Requerimiento | C1: Actividad | D1: ESTADO | E1: F.Asignado | F1: Fecha inicio | G1: F. estimada de entrega | H1: Finalizado | I1: Dias | J1: TEST | K1: PRODUCCION | L1: Observacion
A2: LUIS BAYONA | B2: Encolar informe de efectividad de salud | D2: FINALIZADO | E2: 45567 | F2: 45567 | G2: 45568 | H2: 45569 | I2: =IF(ISBLANK(H2), NETWORKDAYS(F2, TODAY(),Hoja2!$A$1:$A$18), NETWORKDAYS(F2, H2, Hoja2!$A$1:$A$18)) -> 3 | J2: 45572 | L2: *02/10/2024 inicia gestion. *03/10/2024 Finalizar la consulta y realizar pruebas * 07/10/2024 desarrollo en test para pruebas
A3: FABIO FORERO | B3: VULNERABILIDADES BAJAS | C3: Web Server Allows Password Auto-Completion | D3: PENDIENTE | E3: 45575 | H3: 0 | I3: =IF(ISBLANK(H3), NETWORKDAYS(F3, TODAY(),Hoja2!$A$1:$A$18), NETWORKDAYS(F3, H3, Hoja2!$A$1:$A$18)) -> 0 | J3: 45569 | L3: *04/10/2024 pruebas * 07/10/2024 se entrega a Danilo para pruebas y posterior despliegue a producción * 09/10/2024 Confirmar entrega de rama a Danilo * 10/10/2024 Etregadas a Danilo 9 de octubre,
A4: FABIO FORERO | C4: Autocomplete Enabled (15 Y 18) | D4: PENDIENTE | E4: 45575 | H4: 0 | I4: =IF(ISBLANK(H4), NETWORKDAYS(F4, TODAY(),Hoja2!$A$1:$A$18), NETWORKDAYS(F4, H4, Hoja2!$A$1:$A$18)) -> 0 | J4: 45569 | L4: *04/10/2024 pruebas * 07/10/2024 se entrega a Danilo para pruebas y posterior despliegue a producción * 09/10/2024 Confirmar entrega de rama a Danilo * 10/10/2024 Etregadas a Danilo 9 de octubre
A5: FABIO FORERO | B5: VULNERABILIDADES MEDIAS | C5: Internal Server Error | D5: PENDIENTE | E5: 45575 | H5: 0 | I5: =IF(ISBLANK(H5), NETWORKDAYS(F5, TODAY(),Hoja2!$A$1:$A$18), NETWORKDAYS(F5, H5, Hoja2!$A$1:$A$18)) -> 0 | J5: 45569 | L5: *04/10/2024 pruebas * 07/10/2024 se entrega a Danilo para pruebas y posterior despliegue a producción * 09/10/2024 Confirmar entrega de rama a Danilo * 10/10/2024 Etregadas a Danilo 9 de octubre
