Workbook

Sheet EN PROCESO (Tuya)
A1: Asignado a | B1: ID REQ | C1: Requerimiento | D1: Descripcion req | E1: Actividad | F1: ESTADO | G1: % Avance | H1: Dias estimados desarrollo | I1: F.Asignado | J1: Fecha inicio | K1: F. estimada de entrega | L1: Finalizado | M1: Dias total desarrollo | N1: Fecha compromiso cliente | O1: FECHA PASO A TEST | P1: FECHA PASO A PRODUCCION | Q1: DESCRIPCION DEL AVANCE | R1: Visible
A2: Faver | B2: 1 | C2: Migración Gestión Documental, Ajustar módulos | D2: Sistema Operativo, PHP | F2: PAUSADO | G2: 5 | H2: =IF(OR(J2="",K2="",K2<J2),0,NETWORKDAYS(J2,K2,Hoja2!$A$2:$A$53)) -> 0 | J2: 45667 | M2: =IF(OR(J2="",AND(L2="",TODAY()<J2),AND(L2<>"",L2<J2)),0, IF(L2="", NETWORKDAYS(J2,TODAY(),Hoja2!$A$2:$A$53), NETWORKDAYS(J2,L2,Hoja2!$A$2:$A$53) ) ) -> 354 | Q2: Se encuentra pausado por el momendo debido a temas de definición de contrato con el cliente | R2: False
A3: Natalia | B3: 1-1 | C3: Pruebas Migración Gestión Documental | D3: Realizar pruebas con el fin de validar el correcto funcionamiento del aplicativo | F3: PAUSADO | H3: =IF(OR(J3="",K3="",K3<J3),0,NETWORKDAYS(J3,K3,Hoja2!$A$2:$A$53)) -> 0 | J3: 45667 | M3: =IF(OR(J3="",AND(L3="",TODAY()<J3),AND(L3<>"",L3<J3)),0, IF(L3="", NETWORKDAYS(J3,TODAY(),Hoja2!$A$2:$A$53), NETWORKDAYS(J3,L3,Hoja2!$A$2:$A$53) ) ) -> 354 | Q3: Se encuentra pausado por el momendo debido a temas de definición de contrato con el cliente | R3: False
A4: Faver | B4: 2 | C4: Migración Legalizaciones y Anticipos Ajustar módulos | D4: Sistema Operativo, PHP | F4: PAUSADO | G4: 60 | H4: =IF(OR(J4="",K4="",K4<J4),0,NETWORKDAYS(J4,K4,Hoja2!$A$2:$A$53)) -> 0 | J4: 45667 | M4: =IF(OR(J4="",AND(L4="",TODAY()<J4),AND(L4<>"",L4<J4)),0, IF(L4="", NETWORKDAYS(J4,TODAY(),Hoja2!$A$2:$A$53), NETWORKDAYS(J4,L4,Hoja2!$A$2:$A$53) ) ) -> 354 | Q4: Se encuentra pausado por el momendo debido a temas de definición de contrato con el cliente | R4: False
A5: Natalia | B5: 2-1 | C5: Pruebas Migración Leg y Anticipos | D5: Realizar pruebas con el fin de validar el correcto funcionamiento del aplicativo | F5: PAUSADO | G5: 60 | H5: =IF(OR(J5="",K5="",K5<J5),0,NETWORKDAYS(J5,K5,Hoja2!$A$2:$A$53)) -> 0 | J5: 45667 | M5: =IF(OR(J5="",AND(L5="",TODAY()<J5),AND(L5<>"",L5<J5)),0, IF(L5="", NETWORKDAYS(J5,TODAY(),Hoja2!$A$2:$A$53), NETWORKDAYS(J5,L5,Hoja2!$A$2:$A$53) ) ) -> 354 | Q5: Se encuentra pausado por el momendo debido a temas de definición de contrato con el cliente | R5: False
A6: Natalia | B6: 9 | C6: Reporte y validación de 9 incidentes via email | D6: Se realiza reporte de 9 incidentes luego de pruebas realizadas en el aplicativo Se valida y a la fecha han sido solucionados 5 incidentes | F6: PAUSADO | G6: 50 | H6: =IF(OR(J6="",K6="",K6<J6),0,NETWORKDAYS(J6,K6,Hoja2!$A$2:$A$53)) -> 0 | J6: 45667 | M6: =IF(OR(J6="",AND(L6="",TODAY()<J6),AND(L6<>"",L6<J6)),0, IF(L6="", NETWORKDAYS(J6,TODAY(),Hoja2!$A$2:$A$53), NETWORKDAYS(J6,L6,Hoja2!$A$2:$A$53) ) ) -> 354 | Q6: Se encuentra pausado por el momendo debido a temas de definición de contrato con el cliente | R6: False
A7: Faver | B7: 3 | C7: Migración Virtualización, Ajustar módulos | D7: Sistema Operativo, PHP | F7: PAUSADO | G7: 100 | H7: =IF(OR(J7="",K7="",K7<J7),0,NETWORKDAYS(J7,K7,Hoja2!$A$2:$A$53)) -> 0 | J7: 45667 | M7: =IF(OR(J7="",AND(L7="",TODAY()<J7),AND(L7<>"",L7<J7)),0, IF(L7="", NETWORKDAYS(J7,TODAY(),Hoja2!$A$2:$A$53), NETWORKDAYS(J7,L7,Hoja2!$A$2:$A$53) ) ) -> 354 | Q7: Se encuentra pausado por el momendo debido a temas de definición de contrato con el cliente 02/12/2025: Este aplicativo ya se encuentra deshabilitado, no se tiene mas contrato con el cliente | R7: True
A8: Natalia | B8: 3-1 | C8: Pruebas Migración Virtualización | D8: Realizar pruebas con el fin de validar el correcto funcionamiento del aplicativo | F8: PAUSADO | G8: 100 | H8: =IF(OR(J8="",K8="",K8<J8),0,NETWORKDAYS(J8,K8,Hoja2!$A$2:$A$53)) -> 0 | J8: 45667 | M8: =IF(OR(J8="",AND(L8="",TODAY()<J8),AND(L8<>"",L8<J8)),0, IF(L8="", NETWORKDAYS(J8,TODAY(),Hoja2!$A$2:$A$53), NETWORKDAYS(J8,L8,Hoja2!$A$2:$A$53) ) ) -> 354 | Q8: Se encuentra pausado por el momendo debido a temas de definición de contrato con el cliente 02/12/2025: Este aplicativo ya se encuentra deshabilitado, no se tiene mas contrato con el cliente | R8: True
A9: Wilson | B9: 4 | C9: Incluir en la operación de anexos el API de pendiente catt | D9: Crear un cliente en nodejs que una vez que se detecten los tipos de anexo envíe vía API el detalle de acuerdo a cada solicitud. | F9: FINALIZADO | G9: 100 | H9: =IF(OR(J9="",K9="",K9<J9),0,NETWORKDAYS(J9,K9,Hoja2!$A$2:$A$53)) -> 0 | J9: 45832 | L9: 45835 | M9: =IF(OR(J9="",AND(L9="",TODAY()<J9),AND(L9<>"",L9<J9)),0, IF(L9="", NETWORKDAYS(J9,TODAY(),Hoja2!$A$2:$A$53), NETWORKDAYS(J9,L9,Hoja2!$A$2:$A$53) ) ) -> 4 | Q9: "Estamos a la espera de la instalación de una librería para conexión a PCO, pero es Tuya quien hace dicha instalación, pero aún no hay fecha. 11/07/2025: se tuvo una reunión en la cual realizaron una ampliación de requerimiento para que los anexos que no tengan una solicitud se queden en cola dos o tres días máximo, y cuando llegue la solicitud se indexen" | R9: True
A10: Wilson | B10: 5 | C10: El código de oficina no debe ser obligatorio para indexar documentos desde la API | D10: El viernes 11 de julio, se tuvo una reunión en la cual realizaron una ampliación de requerimiento para que los anexos que no tengan una solicitud se queden en cola dos o tres días máximo, y cuando llegue la solicitud se indexen" | F10: FINALIZADO | G10: 100 | H10: =IF(OR(J10="",K10="",K10<J10),0,NETWORKDAYS(J10,K10,Hoja2!$A$2:$A$53)) -> 0 | J10: 45832 | L10: 45835 | M10: =IF(OR(J10="",AND(L10="",TODAY()<J10),AND(L10<>"",L10<J10)),0, IF(L10="", NETWORKDAYS(J10,TODAY(),Hoja2!$A$2:$A$53), NETWORKDAYS(J10,L10,Hoja2!$A$2:$A$53) ) ) -> 4 | Q10: 27/06/2025: Se realizó modificación del codigo de oficina como opcional | R10: True
A11: Wilson | B11: 6 | C11: Actualizar documentación para la operación de anexos | F11: FINALIZADO | G11: 100 | H11: =IF(OR(J11="",K11="",K11<J11),0,NETWORKDAYS(J11,K11,Hoja2!$A$2:$A$53)) -> 0 | J11: 45832 | L11: 45835 | M11: =IF(OR(J11="",AND(L11="",TODAY()<J11),AND(L11<>"",L11<J11)),0, IF(L11="", NETWORKDAYS(J11,TODAY(),Hoja2!$A$2:$A$53), NETWORKDAYS(J11,L11,Hoja2!$A$2:$A$53) ) ) -> 4 | Q11: 27/06/2025: Se realizaron ajustes necesarios y se modificó el documento con respecto a mensajes de error | R11: True
A12: Wilson | B12: 7 | C12: Se requiere una nueva operación que reciba la solicitud y sus anexos | D12: Este proceso en una unica operación, la cual debe consumir el API de pendientes para registrar los documentos enviados | F12: FINALIZADO | G12: 100 | H12: =IF(OR(J12="",K12="",K12<J12),0,NETWORKDAYS(J12,K12,Hoja2!$A$2:$A$53)) -> 0 | J12: 45832 | L12: 45896 | M12: =IF(OR(J12="",AND(L12="",TODAY()<J12),AND(L12<>"",L12<J12)),0, IF(L12="", NETWORKDAYS(J12,TODAY(),Hoja2!$A$2:$A$53), NETWORKDAYS(J12,L12,Hoja2!$A$2:$A$53) ) ) -> 44 | Q12: 24/07/2025: Este pundo depende del cliente que se construye con el punto 1. la funcionalidad de envio a pendientes serviria para ambos servicios. 13/08/2025: en el momento el cliente se encuentra haciendo pruebas de la indexación de anexos, y la cola de espera. En cuanto el 3 punto, estamos en espera de la instalación de una libreria para el consumo de un servicio de Soap, esto ya que por medio de métodos manuales no fue posible para todos los casos. Apenas tenga la autorización lo único que haría falta es desarrollar el cliente y traer los datos que se requieren para indexar la solicitud y sus anexos. También en la reunión de entrega surgieron unas validaciones adicionales, pero de esa parte no nos han enviado el requerimiento ya que depende de definiciones de ellos. 20/08/2025: con respecto a el desarrollo del Api, se realizó lo requerido, sin embargo surgió un cambio muy necesario al recibir los documentos, es el siguiente: "Espero que te encuentres bien. Después de revisar la duda planteada, te cuento que: El control para la operación de .zip Si la solicitud existe - no se vuelve a indexar Si los anexos existen – no se vuelven a indexar Si los anexos no existen – se adicionan a los documentos. En caso de que todos los documentos existan devolver: No se requieren agregar nuevamente los documentos. Si, se agrega al menos un documento: Los anexos faltantes fueron agregados a la solicitud. Si, todos se agregan: Proceso exitoso." Voy a agregar la lógica para estas validaciones y realizar pruebas nuevamente con la usuaria, con esto daríamos por finalizado este desarrollo, solo quedaría actualizar la documentación y el paso a producción. 22/08/2025: en cuanto al Api, se realizó la entrega del último método con todos los ajustes y validaciones requeridas, adicionalmente se entregó la documentación técnica al día Queda la implementación por parte de ellos, pruebas de integración y paso a producción. 27/08/2025: Se revisa en conjunto con el cliente de funcionamiento del ultimo método, punto 4, se realizan ajustes de forma en la generación de mensajes de éxito y se ajusta documentación Se realiza ajuste para q reciba solamente documentación de la solicitud sin anexo, esto en caso de falla al momento de la generación de los anexos. | R12: True
A13: Wilson | B13: 8 | C13: Quitar conexiones y modificar método para recibir los datos nuevos: | D13: Ddefinieron que no vamos a realizar la conexión si no que ellos nos envían los datos necesarios, | F13: FINALIZADO | G13: 100 | H13: =IF(OR(J13="",K13="",K13<J13),0,NETWORKDAYS(J13,K13,Hoja2!$A$2:$A$53)) -> 0 | J13: 45870 | L13: 45883 | M13: =IF(OR(J13="",AND(L13="",TODAY()<J13),AND(L13<>"",L13<J13)),0, IF(L13="", NETWORKDAYS(J13,TODAY(),Hoja2!$A$2:$A$53), NETWORKDAYS(J13,L13,Hoja2!$A$2:$A$53) ) ) -> 9 | Q13: 14/08/2025: En cuanto a los desarrollo del Api, ayer definieron que no vamos a realizar la conexión si no que ellos nos envían los datos necesarios, les expliqué la lógica al respecto y como nos deben enviar los datos, surge el cambio en el servicio para recibir y validar los datos. En este caso no quisieron avalar la librería solicitada y para poder poner la que nos ofrecieron nos tocaba migrar todo el Api. En este caso ellos deben validar y enviar la información del producto a ingresar, realmente no es mucho lo que deben hacer para consultar y traer los datos que requerimos En otras palabras es algo que genera un impacto muy bajo de quien lo deba hacer. | R13: True
A14: Faver | B14: 101 | C14: Consulta Solicitudes Pendientes por Validar Venta Cartera Junio | D14: Se requiere que con la base de datos que comparten, identificar si tienen documento de solicitud de crédito en Imagine | F14: FINALIZADO | G14: 100 | H14: =IF(OR(J14="",K14="",K14<J14),0,NETWORKDAYS(J14,K14,Hoja2!$A$2:$A$53)) -> 3 | J14: 45827 | K14: 45832 | L14: 45832 | M14: =IF(OR(J14="",AND(L14="",TODAY()<J14),AND(L14<>"",L14<J14)),0, IF(L14="", NETWORKDAYS(J14,TODAY(),Hoja2!$A$2:$A$53), NETWORKDAYS(J14,L14,Hoja2!$A$2:$A$53) ) ) -> 3 | Q14: Se realiza validación en el sistema y se envía respuesta al usuario solicitante | R14: True
A15: Faver | B15: 111 | C15: Validación Clientes con autorización tratamiento de datos | D15: Validación de 36665 clientes, por medio de archivo adjunto, donde se pueda identificar que clientes cuentan con una autorización de tratamiento de datos personales | F15: FINALIZADO | G15: 100 | H15: =IF(OR(J15="",K15="",K15<J15),0,NETWORKDAYS(J15,K15,Hoja2!$A$2:$A$53)) -> 3 | J15: 45827 | K15: 45832 | L15: 45832 | M15: =IF(OR(J15="",AND(L15="",TODAY()<J15),AND(L15<>"",L15<J15)),0, IF(L15="", NETWORKDAYS(J15,TODAY(),Hoja2!$A$2:$A$53), NETWORKDAYS(J15,L15,Hoja2!$A$2:$A$53) ) ) -> 3 | Q15: Se realiza validación en el sistema y se envía respuesta al usuario solicitante | R15: True
A16: Faver | B16: 121 | C16: Nueva operación que reciba solicitud y anexos | D16: En la opción de Consulta Área de crédito, validar si es posible, donde se realiza la comparación que se pueda discriminar cuando en una misma familia el cliente tenga varias solicitudes. | F16: FINALIZADO | G16: 100 | H16: =IF(OR(J16="",K16="",K16<J16),0,NETWORKDAYS(J16,K16,Hoja2!$A$2:$A$53)) -> 76 | J16: 45828 | K16: 45939 | L16: 45974 | M16: =IF(OR(J16="",AND(L16="",TODAY()<J16),AND(L16<>"",L16<J16)),0, IF(L16="", NETWORKDAYS(J16,TODAY(),Hoja2!$A$2:$A$53), NETWORKDAYS(J16,L16,Hoja2!$A$2:$A$53) ) ) -> 99 | O16: 45940 | P16: 45974 | Q16: oct 01: se tuvo reunión con usuarios para alcaración de dudas con respecto a requerimientos oct 2: se determina un tiempo de desarrollo de 4 semanas oct 10: se realizan pruebas de cambios ejecutados en el aplicativo oct 16: se realiza envio de evidencias de pruebas realizadas al cliente, con el fin de inicio de pruebas por parte de ellos. oct 21: el cliente indica que se finalizan pruebas por parte de ellos, siendo exitosas; estamos a la espera de fecha y aval para paso a producción nov 13: se realiza el paso a producción, siendo exitoso | R16: True
A17: Faver | B17: 131 | C17: Crear opción para generación informe Morosos | D17: Usuario envía archivo con clientes mororos de créditos, para validar soportes existentes en Imagine para los números de cédula enviados. Los documentos son Solicitud de crédito o actualización de datos del deudor y Anexo1 aceptación, autorización. | F17: PAUSADO | H17: =IF(OR(J17="",K17="",K17<J17),0,NETWORKDAYS(J17,K17,Hoja2!$A$2:$A$53)) -> 0 | J17: 45828 | M17: =IF(OR(J17="",AND(L17="",TODAY()<J17),AND(L17<>"",L17<J17)),0, IF(L17="", NETWORKDAYS(J17,TODAY(),Hoja2!$A$2:$A$53), NETWORKDAYS(J17,L17,Hoja2!$A$2:$A$53) ) ) -> 244 | Q17: Esta pendiente de aprobación por Tuya | R17: False
A18: Faver | B18: 141 | C18: Realizar trazabilidad de las solicitudes que anulan y desanulan de los documentos en los anexos. | D18: Hoy en día se cuenta con un log de solo 10 días, pero en el nuevo requerimiento se solicita que no tenga tiempo límite. | F18: FINALIZADO | G18: 100 | H18: =IF(OR(J18="",K18="",K18<J18),0,NETWORKDAYS(J18,K18,Hoja2!$A$2:$A$53)) -> 74 | J18: 45833 | K18: 45939 | L18: 45974 | M18: =IF(OR(J18="",AND(L18="",TODAY()<J18),AND(L18<>"",L18<J18)),0, IF(L18="", NETWORKDAYS(J18,TODAY(),Hoja2!$A$2:$A$53), NETWORKDAYS(J18,L18,Hoja2!$A$2:$A$53) ) ) -> 97 | O18: 45940 | P18: 45974 | Q18: oct 01: se tuvo reunión con usuarios para alcaración de dudas con respecto a requerimientos oct 2: se determina un tiempo de desarrollo de 4 semanas oct 10: se realizan pruebas de cambios ejecutados en el aplicativo oct 16: se realiza envio de evidencias de pruebas realizadas al cliente, con el fin de inicio de pruebas por parte de ellos. oct 21: el cliente indica que se finalizan pruebas por parte de ellos, siendo exitosas; estamos a la espera de fecha y aval para paso a producción nov 13: se realiza el paso a producción, siendo exitoso | R18: True
A19: Faver | B19: 151 | C19: Retirar candado consulta | D19: Se solicita retirar el candado que se tiene actualmente en la consulta inicial, debido a que dicha opción no se encuentra actualizada y se tiene “consulta área de crédito“ para realizar el proceso de comparación | F19: FINALIZADO | G19: 100 | H19: =IF(OR(J19="",K19="",K19<J19),0,NETWORKDAYS(J19,K19,Hoja2!$A$2:$A$53)) -> 74 | J19: 45833 | K19: 45939 | L19: 45974 | M19: =IF(OR(J19="",AND(L19="",TODAY()<J19),AND(L19<>"",L19<J19)),0, IF(L19="", NETWORKDAYS(J19,TODAY(),Hoja2!$A$2:$A$53), NETWORKDAYS(J19,L19,Hoja2!$A$2:$A$53) ) ) -> 97 | O19: 45940 | P19: 45974 | Q19: oct 01: se tuvo reunión con usuarios para alcaración de dudas con respecto a requerimientos oct 10: se realizan pruebas de cambios ejecutados en el aplicativo oct 16: se realiza envio de evidencias de pruebas realizadas al cliente, con el fin de inicio de pruebas por parte de ellos. oct 21: el cliente indica que se finalizan pruebas por parte de ellos, siendo exitosas; estamos a la espera de fecha y aval para paso a producción nov 13: se realiza el paso a producción, siendo exitoso | R19: True
A20: Faver | B20: 161 | C20: Nueva opción consulta área crédito | D20: Se debe crear un nuevo método en el API en el cual se recibe archivo .zip y adicional el listado de tipos de documento que contiene de manera que se agregue un nuevo lote con un documento principal y sus anexos y adicionalmente se reporte a PCO vía API REST los documentos según configuración. | F20: FINALIZADO | G20: 100 | H20: =IF(OR(J20="",K20="",K20<J20),0,NETWORKDAYS(J20,K20,Hoja2!$A$2:$A$53)) -> 0 | J20: 45833 | L20: 45974 | M20: =IF(OR(J20="",AND(L20="",TODAY()<J20),AND(L20<>"",L20<J20)),0, IF(L20="", NETWORKDAYS(J20,TODAY(),Hoja2!$A$2:$A$53), NETWORKDAYS(J20,L20,Hoja2!$A$2:$A$53) ) ) -> 97 | P20: 45974 | Q20: Esta pendiente de aprobación por Tuya | R20: True
A21: Faver | B21: 171 | C21: Solicitud jhon Humberto | D21: Ayudar a Jhon Humberto para validar una solicitud en Ambiente de pruebas por que tiene malo el causal desde PCO | F21: FINALIZADO | G21: 100 | H21: =IF(OR(J21="",K21="",K21<J21),0,NETWORKDAYS(J21,K21,Hoja2!$A$2:$A$53)) -> 0 | J21: 45852 | L21: 45855 | M21: =IF(OR(J21="",AND(L21="",TODAY()<J21),AND(L21<>"",L21<J21)),0, IF(L21="", NETWORKDAYS(J21,TODAY(),Hoja2!$A$2:$A$53), NETWORKDAYS(J21,L21,Hoja2!$A$2:$A$53) ) ) -> 4 | Q21: 16/07/2025: se tuvo reunión en la cual dieron contexto de las pruebas que realizaron y que les esta fallando 17/07/2025: Se realiza validaciones, se determina que en las p ruebas que realizaron se esta recibiendo codigos no parametrizados para la solicitud que tratan de procesar. | R21: True
A22: Faver | B22: 181 | C22: Consulta solicitudes Venta Cartera | D22: Se requiere que con la base de datos que comparten, identificar si tienen documento de solicitud de crédito en Imagine | F22: FINALIZADO | G22: 100 | H22: =IF(OR(J22="",K22="",K22<J22),0,NETWORKDAYS(J22,K22,Hoja2!$A$2:$A$53)) -> 0 | J22: 45852 | L22: 45855 | M22: =IF(OR(J22="",AND(L22="",TODAY()<J22),AND(L22<>"",L22<J22)),0, IF(L22="", NETWORKDAYS(J22,TODAY(),Hoja2!$A$2:$A$53), NETWORKDAYS(J22,L22,Hoja2!$A$2:$A$53) ) ) -> 4 | Q22: 16/07/2025: se tuvo reunión para validación con el usuario para validar bien la informaciòn que requieren. 17/07/2025: luego de validar la información que se brindo en la reunión se genero el informe y se envío al usuario solicitante | R22: True
A23: Faver | B23: 191 | C23: Urgente FGA y FNG Solicitud soportes y base morosos | D23: Generar por favor link de descarga de documentos que requeire el equipo de operaiones para un proceso de la compañia. Adjuntan archivo | F23: FINALIZADO | G23: 100 | H23: =IF(OR(J23="",K23="",K23<J23),0,NETWORKDAYS(J23,K23,Hoja2!$A$2:$A$53)) -> 0 | J23: 45852 | L23: 45853 | M23: =IF(OR(J23="",AND(L23="",TODAY()<J23),AND(L23<>"",L23<J23)),0, IF(L23="", NETWORKDAYS(J23,TODAY(),Hoja2!$A$2:$A$53), NETWORKDAYS(J23,L23,Hoja2!$A$2:$A$53) ) ) -> 2 | R23: True
A24: Natalia | B24: 201 | C24: Creación Ofiicna | D24: Se solicita creación de nueva oficina por apertura de nueva sede | F24: FINALIZADO | G24: 100 | H24: =IF(OR(J24="",K24="",K24<J24),0,NETWORKDAYS(J24,K24,Hoja2!$A$2:$A$53)) -> 0 | J24: 45860 | L24: 45860 | M24: =IF(OR(J24="",AND(L24="",TODAY()<J24),AND(L24<>"",L24<J24)),0, IF(L24="", NETWORKDAYS(J24,TODAY(),Hoja2!$A$2:$A$53), NETWORKDAYS(J24,L24,Hoja2!$A$2:$A$53) ) ) -> 1 | R24: True
A25: Faver | B25: 211 | C25: Solicitud de encriptar un cliente secret que se usa consumcir un Api, es para solventar un riesgo de vulnerabilidad | D25: Es una solicitud para mitigar una vulnerabilidad en un client secret, este se usa para consumir las APIs, por politicas de seguridad se pidio que no se almacene en texto plano, se debe encriptar para evitar la exposición del valor real del secret. | F25: FINALIZADO | G25: 100 | H25: =IF(OR(J25="",K25="",K25<J25),0,NETWORKDAYS(J25,K25,Hoja2!$A$2:$A$53)) -> 0 | L25: 45860 | M25: =IF(OR(J25="",AND(L25="",TODAY()<J25),AND(L25<>"",L25<J25)),0, IF(L25="", NETWORKDAYS(J25,TODAY(),Hoja2!$A$2:$A$53), NETWORKDAYS(J25,L25,Hoja2!$A$2:$A$53) ) ) -> 0 | R25: True
A26: Faver | B26: 221 | C26: Solicitud de validación de unos host de servidores linux de producción, preguntan que si son necesario para funcionar o que si se pueden quitar. | D26: Es un reporte que nos realizan desde infraestructura que en los ambientes productivos se tiene asociado a la IP local de lo servidores un hostname personalizado, nos indican que si no es necesario para nuestros procesos deben retirarlo. | F26: FINALIZADO | G26: 100 | H26: =IF(OR(J26="",K26="",K26<J26),0,NETWORKDAYS(J26,K26,Hoja2!$A$2:$A$53)) -> 0 | J26: 45856 | L26: 45861 | M26: =IF(OR(J26="",AND(L26="",TODAY()<J26),AND(L26<>"",L26<J26)),0, IF(L26="", NETWORKDAYS(J26,TODAY(),Hoja2!$A$2:$A$53), NETWORKDAYS(J26,L26,Hoja2!$A$2:$A$53) ) ) -> 4 | Q26: 22/07/2025: se valida la solicitud del cliente, se socializa con Don Hernan y Jenry, y se les indica que nosotros solo debemos confirmar si se usa o si pueden retirarlo, ya que no deberia estar configurado, ya que ellos tienen unas configuraciones ya establecidas para los nombres de host en los servidores. | R26: True
A27: Faver y Natalia | B27: 231 | C27: Solicitud soportes y bases de morosos a corte 23 julio | D27: Solicitud de usuario para generar base de morosos...como este es un reporte que se genera dos veces al mes, ya se tiene el query para generar la información | F27: FINALIZADO | G27: 100 | H27: =IF(OR(J27="",K27="",K27<J27),0,NETWORKDAYS(J27,K27,Hoja2!$A$2:$A$53)) -> 0 | J27: 45861 | L27: 45866 | M27: =IF(OR(J27="",AND(L27="",TODAY()<J27),AND(L27<>"",L27<J27)),0, IF(L27="", NETWORKDAYS(J27,TODAY(),Hoja2!$A$2:$A$53), NETWORKDAYS(J27,L27,Hoja2!$A$2:$A$53) ) ) -> 4 | Q27: 25/07/2025: Este requerimiento no se pudo validar dado atender hoy debido a que se ha realizado el acompañamiento y seguimiento en Colpatria por la novedad presentada | R27: True
A28: Faver y Natalia | B28: 241 | C28: Solicitud soportes y bases de morosos a corte 31 julio | D28: Solicitud de usuario para generar base de morosos...como este es un reporte que se genera dos veces al mes, ya se tiene el query para generar la información | F28: FINALIZADO | G28: 100 | H28: =IF(OR(J28="",K28="",K28<J28),0,NETWORKDAYS(J28,K28,Hoja2!$A$2:$A$53)) -> 0 | J28: 45874 | L28: 45875 | M28: =IF(OR(J28="",AND(L28="",TODAY()<J28),AND(L28<>"",L28<J28)),0, IF(L28="", NETWORKDAYS(J28,TODAY(),Hoja2!$A$2:$A$53), NETWORKDAYS(J28,L28,Hoja2!$A$2:$A$53) ) ) -> 2 | R28: True
A29: Faver y Natalia | B29: 251 | C29: Certificados digitales | D29: certificados digitales para los aplicativos de virtualizacion y legalizaciones para el día 13 de agosto con tecnología | F29: FINALIZADO | G29: 100 | H29: =IF(OR(J29="",K29="",K29<J29),0,NETWORKDAYS(J29,K29,Hoja2!$A$2:$A$53)) -> 0 | J29: 45882 | L29: 45883 | M29: =IF(OR(J29="",AND(L29="",TODAY()<J29),AND(L29<>"",L29<J29)),0, IF(L29="", NETWORKDAYS(J29,TODAY(),Hoja2!$A$2:$A$53), NETWORKDAYS(J29,L29,Hoja2!$A$2:$A$53) ) ) -> 2 | Q29: 14/08/2025: Se informa que el día 13 de agosto, se hizo el cambio de los certificados, pero un certificado estaba mal, ya se reporto y esperamos nos envien de nuevo para realizar el ajuste antes del 16 de agosto | R29: True
A30: Faver | B30: 261 | C30: Base de datos para recolección de extractos bancarios | D30: Nos solitan entregar un paquete con los extractos bancarios de 10mil solicitudes, para un proceso del cliente de un modelo que van a probar | F30: FINALIZADO | G30: 100 | H30: =IF(OR(J30="",K30="",K30<J30),0,NETWORKDAYS(J30,K30,Hoja2!$A$2:$A$53)) -> 0 | J30: 45884 | L30: 45889 | M30: =IF(OR(J30="",AND(L30="",TODAY()<J30),AND(L30<>"",L30<J30)),0, IF(L30="", NETWORKDAYS(J30,TODAY(),Hoja2!$A$2:$A$53), NETWORKDAYS(J30,L30,Hoja2!$A$2:$A$53) ) ) -> 3 | Q30: 19/08/2025: se realiza sesión para la generaciónn de la información pero estaba quedando muy pesado el archivo, ya que eran demasiados registros, por lo que la entrega se va a realizar por paquetes para evitar problemas con la red 20/08/2025: se realiza generación de varios paquetes para entregar información al usuario. | R30: True
A31: Faver | B31: 271 | C31: solicitud para generar un informe para temas de venta de cartea | D31: Realizar consulta de clientes del mes de junio. | F31: FINALIZADO | G31: 100 | H31: =IF(OR(J31="",K31="",K31<J31),0,NETWORKDAYS(J31,K31,Hoja2!$A$2:$A$53)) -> 0 | J31: 45891 | L31: 45894 | M31: =IF(OR(J31="",AND(L31="",TODAY()<J31),AND(L31<>"",L31<J31)),0, IF(L31="", NETWORKDAYS(J31,TODAY(),Hoja2!$A$2:$A$53), NETWORKDAYS(J31,L31,Hoja2!$A$2:$A$53) ) ) -> 2 | R31: True
A32: Faver y Natalia | B32: 281 | C32: Solicitud soportes y bases de morosos a corte 31 agosto | D32: Solicitud de usuario para generar base de morosos...como este es un reporte que se genera dos veces al mes, ya se tiene el query para generar la información | F32: FINALIZADO | G32: 100 | H32: =IF(OR(J32="",K32="",K32<J32),0,NETWORKDAYS(J32,K32,Hoja2!$A$2:$A$53)) -> 0 | J32: 45904 | L32: 45904 | M32: =IF(OR(J32="",AND(L32="",TODAY()<J32),AND(L32<>"",L32<J32)),0, IF(L32="", NETWORKDAYS(J32,TODAY(),Hoja2!$A$2:$A$53), NETWORKDAYS(J32,L32,Hoja2!$A$2:$A$53) ) ) -> 1 | R32: True
A33: Faver | B33: 291 | C33: Creacion anexo | D33: Creación documento para varias familias | F33: FINALIZADO | G33: 100 | H33: =IF(OR(J33="",K33="",K33<J33),0,NETWORKDAYS(J33,K33,Hoja2!$A$2:$A$53)) -> 0 | J33: 45916 | L33: 45918 | M33: =IF(OR(J33="",AND(L33="",TODAY()<J33),AND(L33<>"",L33<J33)),0, IF(L33="", NETWORKDAYS(J33,TODAY(),Hoja2!$A$2:$A$53), NETWORKDAYS(J33,L33,Hoja2!$A$2:$A$53) ) ) -> 3 | Q33: Se realiza la asignación del anexo en las familias y se le informa al usuario | R33: True
A34: Faver y Natalia | B34: 292 | C34: Solicitud soportes y bases de morosos a corte 23 septiembre | D34: Solicitud de usuario para generar base de morosos...como este es un reporte que se genera dos veces al mes, ya se tiene el query para generar la información | F34: FINALIZADO | G34: 100 | H34: =IF(OR(J34="",K34="",K34<J34),0,NETWORKDAYS(J34,K34,Hoja2!$A$2:$A$53)) -> 0 | J34: 45924 | L34: 45926 | M34: =IF(OR(J34="",AND(L34="",TODAY()<J34),AND(L34<>"",L34<J34)),0, IF(L34="", NETWORKDAYS(J34,TODAY(),Hoja2!$A$2:$A$53), NETWORKDAYS(J34,L34,Hoja2!$A$2:$A$53) ) ) -> 3 | R34: True
A35: Faver | B35: 293 | C35: Habilitar función de anular el pagaré | D35: se requiere esta opción en el aparte de anexos, con el fin de que no se devuelva la acción de anulación. Se debe informar al usuario si esta seguro de realizar la anulación. | F35: PRUEBAS CLIENTE | G35: 95 | H35: =IF(OR(J35="",K35="",K35<J35),0,NETWORKDAYS(J35,K35,Hoja2!$A$2:$A$53)) -> 18 | J35: 45929 | K35: 45953 | M35: =IF(OR(J35="",AND(L35="",TODAY()<J35),AND(L35<>"",L35<J35)),0, IF(L35="", NETWORKDAYS(J35,TODAY(),Hoja2!$A$2:$A$53), NETWORKDAYS(J35,L35,Hoja2!$A$2:$A$53) ) ) -> 177 | O35: 45953 | Q35: oct 01: se tuvo reunión con usuarios para alcaración de dudas con respecto a requerimientos oct 2: se determina un tiempo de desarrollo de 4 semanas oct 16: Faver realiza validación del requerimiento, con el fin de tener mas claridad de la solicitud por parte del cliente y el impacto que genera en el aplicativo oct 23: Se realizan pruebas y se envían evidencias al cliente para pruebas por parte de ellos oct 31: el cliente informa que las pruebas por parte de ellos fueron exitosas, se esta a la espera del paso a producción Marzo 06:De parte del cliente completaron las pruebas pero solo se paso una parte a producción Ellos deben terminar un ajuste y volver a probar el pendiente | R35: True
A36: Faver y Natalia | B36: 294 | C36: Ampliar plazo | D36: en la opción de informe de documentos eliminados, se requiere que sea de al menos 6 meses hacia atrás, para revisión de anulación de documentos | F36: FINALIZADO | G36: 100 | H36: =IF(OR(J36="",K36="",K36<J36),0,NETWORKDAYS(J36,K36,Hoja2!$A$2:$A$53)) -> 9 | J36: 45929 | K36: 45939 | L36: 45974 | M36: =IF(OR(J36="",AND(L36="",TODAY()<J36),AND(L36<>"",L36<J36)),0, IF(L36="", NETWORKDAYS(J36,TODAY(),Hoja2!$A$2:$A$53), NETWORKDAYS(J36,L36,Hoja2!$A$2:$A$53) ) ) -> 32 | O36: 45940 | P36: 45974 | Q36: oct 01: se tuvo reunión con usuarios para alcaración de dudas con respecto a requerimientos oct 2: se determina un tiempo de desarrollo de 4 semanas oct 10: se realizan pruebas de cambios ejecutados en el aplicativo oct 16: se realiza envio de evidencias de pruebas realizadas al cliente, con el fin de inicio de pruebas por parte de ellos. oct 21: el cliente indica que se finalizan pruebas por parte de ellos, siendo exitosas; estamos a la espera de fecha y aval para paso a producción nov 13: se realiza el paso a producción, siendo exitoso | R36: True
A37: Faver | B37: 295 | C37: Solicitudes Venta Cartera en Imagine | D37: Realizar consulta de clientes. | F37: FINALIZADO | G37: 100 | H37: =IF(OR(J37="",K37="",K37<J37),0,NETWORKDAYS(J37,K37,Hoja2!$A$2:$A$53)) -> 0 | J37: 45953 | L37: 45953 | M37: =IF(OR(J37="",AND(L37="",TODAY()<J37),AND(L37<>"",L37<J37)),0, IF(L37="", NETWORKDAYS(J37,TODAY(),Hoja2!$A$2:$A$53), NETWORKDAYS(J37,L37,Hoja2!$A$2:$A$53) ) ) -> 1 | R37: True
A38: Faver | B38: 296 | C38: Solicitud soportes y bases de morosos a corte 23 octubre | D38: Solicitud de usuario para generar base de morosos...como este es un reporte que se genera dos veces al mes, ya se tiene el query para generar la información | F38: FINALIZADO | G38: 100 | H38: =IF(OR(J38="",K38="",K38<J38),0,NETWORKDAYS(J38,K38,Hoja2!$A$2:$A$53)) -> 0 | J38: 45953 | L38: 45954 | M38: =IF(OR(J38="",AND(L38="",TODAY()<J38),AND(L38<>"",L38<J38)),0, IF(L38="", NETWORKDAYS(J38,TODAY(),Hoja2!$A$2:$A$53), NETWORKDAYS(J38,L38,Hoja2!$A$2:$A$53) ) ) -> 2 | Q38: Se realizo gestión de proceso y se envío informacion al usuario | R38: True
A39: Faver | B39: 297 | C39: Solicitudes Venta Cartera en Imagine | D39: Realizar consulta de clientes., primer paquete | F39: FINALIZADO | G39: 100 | H39: =IF(OR(J39="",K39="",K39<J39),0,NETWORKDAYS(J39,K39,Hoja2!$A$2:$A$53)) -> 0 | J39: 45954 | L39: 45954 | M39: =IF(OR(J39="",AND(L39="",TODAY()<J39),AND(L39<>"",L39<J39)),0, IF(L39="", NETWORKDAYS(J39,TODAY(),Hoja2!$A$2:$A$53), NETWORKDAYS(J39,L39,Hoja2!$A$2:$A$53) ) ) -> 1 | R39: True
A40: Faver | B40: 298 | C40: Solicitudes Venta Cartera en Imagine | D40: Realizar consulta de clientes., segundo paquete | F40: FINALIZADO | G40: 100 | H40: =IF(OR(J40="",K40="",K40<J40),0,NETWORKDAYS(J40,K40,Hoja2!$A$2:$A$53)) -> 0 | J40: 45954 | L40: 45954 | M40: =IF(OR(J40="",AND(L40="",TODAY()<J40),AND(L40<>"",L40<J40)),0, IF(L40="", NETWORKDAYS(J40,TODAY(),Hoja2!$A$2:$A$53), NETWORKDAYS(J40,L40,Hoja2!$A$2:$A$53) ) ) -> 1 | Q40: Se deben coordinar tiempos con Tuya | R40: True
A41: Natalia | B41: 299 | C41: Soporte Caso Sarita | D41: Cliente radica caso en plataforma | F41: FINALIZADO | G41: 100 | H41: =IF(OR(J41="",K41="",K41<J41),0,NETWORKDAYS(J41,K41,Hoja2!$A$2:$A$53)) -> 0 | J41: 45960 | L41: 45960 | M41: =IF(OR(J41="",AND(L41="",TODAY()<J41),AND(L41<>"",L41<J41)),0, IF(L41="", NETWORKDAYS(J41,TODAY(),Hoja2!$A$2:$A$53), NETWORKDAYS(J41,L41,Hoja2!$A$2:$A$53) ) ) -> 1 | Q41: Se valida caso y se genera respuesta, indicando que no es error de nosotros. | R41: True
A42: Natalia | B42: 300 | C42: Soporte Caso Sarita | D42: Cliente radica caso en plataforma | F42: FINALIZADO | G42: 100 | H42: =IF(OR(J42="",K42="",K42<J42),0,NETWORKDAYS(J42,K42,Hoja2!$A$2:$A$53)) -> 0 | J42: 45961 | L42: 45961 | M42: =IF(OR(J42="",AND(L42="",TODAY()<J42),AND(L42<>"",L42<J42)),0, IF(L42="", NETWORKDAYS(J42,TODAY(),Hoja2!$A$2:$A$53), NETWORKDAYS(J42,L42,Hoja2!$A$2:$A$53) ) ) -> 1 | Q42: Se valida caso y se genera respuesta, indicando que no es error de nosotros. | R42: True
A43: Faver | B43: 301 | C43: Cambiar Servidor | D43: Se debe realilzar cambio de servidor donde se encuenta aplicativo | F43: PAUSADO | G43: 20 | H43: =IF(OR(J43="",K43="",K43<J43),0,NETWORKDAYS(J43,K43,Hoja2!$A$2:$A$53)) -> 0 | J43: 45931 | M43: =IF(OR(J43="",AND(L43="",TODAY()<J43),AND(L43<>"",L43<J43)),0, IF(L43="", NETWORKDAYS(J43,TODAY(),Hoja2!$A$2:$A$53), NETWORKDAYS(J43,L43,Hoja2!$A$2:$A$53) ) ) -> 175 | Q43: Se deben coordinar tiempos con Tuya 24/02/2026: Se trae copia del aplicativo al servidor donde va a quedar | R43: True
A44: Faver | B44: 302 | C44: Montar nuevo volumen | D44: Se debe realizar montaje de nuevo volumen de almacenamiento | F44: FINALIZADO | G44: 100 | H44: =IF(OR(J44="",K44="",K44<J44),0,NETWORKDAYS(J44,K44,Hoja2!$A$2:$A$53)) -> 0 | J44: 45961 | L44: 45992 | M44: =IF(OR(J44="",AND(L44="",TODAY()<J44),AND(L44<>"",L44<J44)),0, IF(L44="", NETWORKDAYS(J44,TODAY(),Hoja2!$A$2:$A$53), NETWORKDAYS(J44,L44,Hoja2!$A$2:$A$53) ) ) -> 20 | Q44: Se deben solicitar permisos para los servidores de almacenamiento 01/12/2025: Se realiza modificación de las configuraciones de los aplicativos y API para que tomen el nuevo volumen de almacenamiento | R44: True
A45: Faver | B45: 303 | C45: Soporte Caso Sarita | D45: Cliente radica caso en plataforma | F45: FINALIZADO | G45: 100 | H45: =IF(OR(J45="",K45="",K45<J45),0,NETWORKDAYS(J45,K45,Hoja2!$A$2:$A$53)) -> 0 | J45: 45965 | L45: 45965 | M45: =IF(OR(J45="",AND(L45="",TODAY()<J45),AND(L45<>"",L45<J45)),0, IF(L45="", NETWORKDAYS(J45,TODAY(),Hoja2!$A$2:$A$53), NETWORKDAYS(J45,L45,Hoja2!$A$2:$A$53) ) ) -> 1 | P45: 45992 | Q45: oct 04: Se informa que son temas de permisos y deben solicitarlos | R45: True
A46: Faver | B46: 304 | C46: Soporte Documentos Venta Cartera | D46: Se revisa con el area de soporte documentos que se entregaron para la venta de cartera | F46: FINALIZADO | G46: 100 | H46: =IF(OR(J46="",K46="",K46<J46),0,NETWORKDAYS(J46,K46,Hoja2!$A$2:$A$53)) -> 0 | J46: 45965 | L46: 45965 | M46: =IF(OR(J46="",AND(L46="",TODAY()<J46),AND(L46<>"",L46<J46)),0, IF(L46="", NETWORKDAYS(J46,TODAY(),Hoja2!$A$2:$A$53), NETWORKDAYS(J46,L46,Hoja2!$A$2:$A$53) ) ) -> 1 | Q46: oct 04: Se revisan los documentos indicados por el usuario, se validan y se da respuesta a las inquietudes que se presentaban | R46: True
A47: Faver | B47: 305 | C47: Reporte Clientes con Guia ed Financiera | D47: Solicitud de usuario para validar documentos para cobros | F47: FINALIZADO | G47: 100 | H47: =IF(OR(J47="",K47="",K47<J47),0,NETWORKDAYS(J47,K47,Hoja2!$A$2:$A$53)) -> 0 | J47: 45980 | L47: 45982 | M47: =IF(OR(J47="",AND(L47="",TODAY()<J47),AND(L47<>"",L47<J47)),0, IF(L47="", NETWORKDAYS(J47,TODAY(),Hoja2!$A$2:$A$53), NETWORKDAYS(J47,L47,Hoja2!$A$2:$A$53) ) ) -> 3 | R47: True
A48: Faver y Natalia | B48: 306 | C48: Soporte | D48: Radican caso | F48: FINALIZADO | G48: 100 | H48: =IF(OR(J48="",K48="",K48<J48),0,NETWORKDAYS(J48,K48,Hoja2!$A$2:$A$53)) -> 0 | J48: 45982 | L48: 45982 | M48: =IF(OR(J48="",AND(L48="",TODAY()<J48),AND(L48<>"",L48<J48)),0, IF(L48="", NETWORKDAYS(J48,TODAY(),Hoja2!$A$2:$A$53), NETWORKDAYS(J48,L48,Hoja2!$A$2:$A$53) ) ) -> 1 | Q48: 21/11/2025:Usuario radica caso con inconvenientes con solicitud, se valida y se evidencia que fue eliminada por parte de Tuya | R48: True
A49: Faver | B49: 307 | C49: Soporte | D49: Radican caso | F49: FINALIZADO | G49: 100 | H49: =IF(OR(J49="",K49="",K49<J49),0,NETWORKDAYS(J49,K49,Hoja2!$A$2:$A$53)) -> 0 | J49: 45982 | L49: 45982 | M49: =IF(OR(J49="",AND(L49="",TODAY()<J49),AND(L49<>"",L49<J49)),0, IF(L49="", NETWORKDAYS(J49,TODAY(),Hoja2!$A$2:$A$53), NETWORKDAYS(J49,L49,Hoja2!$A$2:$A$53) ) ) -> 1 | Q49: 24/11/2025: Se da respuesta al caso, no son fallas ni errores de Imagine, se solicita valdiar con el area encargada. | R49: True
A50: Faver | B50: 308 | C50: Soporte | D50: Racican caso | F50: FINALIZADO | G50: 100 | H50: =IF(OR(J50="",K50="",K50<J50),0,NETWORKDAYS(J50,K50,Hoja2!$A$2:$A$53)) -> 0 | I50: 45985 | J50: 45985 | L50: 45985 | M50: =IF(OR(J50="",AND(L50="",TODAY()<J50),AND(L50<>"",L50<J50)),0, IF(L50="", NETWORKDAYS(J50,TODAY(),Hoja2!$A$2:$A$53), NETWORKDAYS(J50,L50,Hoja2!$A$2:$A$53) ) ) -> 1 | Q50: 24/11/2025: Se da respuesta al caso, no son fallas ni errores de Imagine, se solicita valdiar con el area encargada. | R50: True
A51: Natalia | B51: 309 | C51: Actualizar documentación conexiones externas | D51: Se requiere actualizar documentación de conexiones con el cliente | F51: FINALIZADO | G51: 100 | H51: =IF(OR(J51="",K51="",K51<J51),0,NETWORKDAYS(J51,K51,Hoja2!$A$2:$A$53)) -> 0 | I51: 45982 | J51: 45982 | L51: 45987 | M51: =IF(OR(J51="",AND(L51="",TODAY()<J51),AND(L51<>"",L51<J51)),0, IF(L51="", NETWORKDAYS(J51,TODAY(),Hoja2!$A$2:$A$53), NETWORKDAYS(J51,L51,Hoja2!$A$2:$A$53) ) ) -> 4 | Q51: 26/11/2025: A raiz del retiro de workflow del cliente, se esta llevando a cabo la actualización de la documentación correspondiente 26/11/2025: se realiza el envío de la información a la usuaria | R51: True
A52: Faver | B52: 310 | C52: Ajustar Reporte Documentos | D52: Se solicita adicionar un documento que no esta saliendo en el reporte por documento | F52: FINALIZADO | G52: 100 | H52: =IF(OR(J52="",K52="",K52<J52),0,NETWORKDAYS(J52,K52,Hoja2!$A$2:$A$53)) -> 0 | I52: 45985 | J52: 45988 | L52: 46002 | M52: =IF(OR(J52="",AND(L52="",TODAY()<J52),AND(L52<>"",L52<J52)),0, IF(L52="", NETWORKDAYS(J52,TODAY(),Hoja2!$A$2:$A$53), NETWORKDAYS(J52,L52,Hoja2!$A$2:$A$53) ) ) -> 10 | O52: 46002 | P52: 46002 | Q52: 12/12/2025: Se realiza ajuste del proceso de egeneración de los informes por documentos, familias y otras, el problema se debia al campo de anulado que no solo tenia en cuenta valores null y no los que estaban en 0. De acuerdo con las pruebas todo quedo de forma correcta | R52: True
A53: Faver | B53: 311 | C53: Ajustes API | D53: Se requiere realizar ajustes del API, los anexos que quedan como pendientes se agregan cuando llega la solicitud, pero no se esta enviando el reporta al API del Cliente. | F53: FINALIZADO | G53: 100 | H53: =IF(OR(J53="",K53="",K53<J53),0,NETWORKDAYS(J53,K53,Hoja2!$A$2:$A$53)) -> 3 | I53: 45985 | J53: 45988 | K53: 45992 | L53: 45992 | M53: =IF(OR(J53="",AND(L53="",TODAY()<J53),AND(L53<>"",L53<J53)),0, IF(L53="", NETWORKDAYS(J53,TODAY(),Hoja2!$A$2:$A$53), NETWORKDAYS(J53,L53,Hoja2!$A$2:$A$53) ) ) -> 3 | O53: 45992 | P53: 45992 | Q53: 01/12/2025: Se realizo ajustes del API, se realiza el paso a producción con pruebas exitosas | R53: True
A54: Faver y Natalia | B54: 312 | C54: Solicitud soportes y bases de morosos a corte 25 noviembre | D54: Solicitud de usuario para generar base de morosos...como este es un reporte que se genera dos veces al mes, ya se tiene el query para generar la información | F54: FINALIZADO | G54: 100 | H54: =IF(OR(J54="",K54="",K54<J54),0,NETWORKDAYS(J54,K54,Hoja2!$A$2:$A$53)) -> 0 | I54: 45986 | J54: 45988 | L54: 45988 | M54: =IF(OR(J54="",AND(L54="",TODAY()<J54),AND(L54<>"",L54<J54)),0, IF(L54="", NETWORKDAYS(J54,TODAY(),Hoja2!$A$2:$A$53), NETWORKDAYS(J54,L54,Hoja2!$A$2:$A$53) ) ) -> 1 | Q54: 27/11/2025:Se realiza la generación del reporte y se envía al usuario solicitante | R54: True
A55: Faver | B55: 313 | C55: Solicitud busqueda de documentos | D55: Radican solicitud para busqueda de 183 mil clientes para preventa de cartera | F55: FINALIZADO | G55: 100 | H55: =IF(OR(J55="",K55="",K55<J55),0,NETWORKDAYS(J55,K55,Hoja2!$A$2:$A$53)) -> 1 | I55: 45989 | J55: 45992 | K55: 45992 | L55: 45992 | M55: =IF(OR(J55="",AND(L55="",TODAY()<J55),AND(L55<>"",L55<J55)),0, IF(L55="", NETWORKDAYS(J55,TODAY(),Hoja2!$A$2:$A$53), NETWORKDAYS(J55,L55,Hoja2!$A$2:$A$53) ) ) -> 1 | O55: 45992 | Q55: 01/12/2025: Se genera el reporte y se envia correo al usuario solicitante | R55: True
A56: Faver y Natalia | B56: 314 | C56: Soporte Casos Sarita | D56: Cliente radica caso en plataforma | F56: FINALIZADO | G56: 100 | H56: =IF(OR(J56="",K56="",K56<J56),0,NETWORKDAYS(J56,K56,Hoja2!$A$2:$A$53)) -> 0 | J56: 45992 | L56: 45992 | M56: =IF(OR(J56="",AND(L56="",TODAY()<J56),AND(L56<>"",L56<J56)),0, IF(L56="", NETWORKDAYS(J56,TODAY(),Hoja2!$A$2:$A$53), NETWORKDAYS(J56,L56,Hoja2!$A$2:$A$53) ) ) -> 1 | Q56: Se validan casos y se genera respuesta, indicando que no es error de nosotros. | R56: True
A57: Faver | B57: 315 | C57: Inactivación Aplicativo | D57: Se realiza inactivacion aplicativo | F57: FINALIZADO | G57: 100 | H57: =IF(OR(J57="",K57="",K57<J57),0,NETWORKDAYS(J57,K57,Hoja2!$A$2:$A$53)) -> 0 | J57: 45992 | L57: 45992 | M57: =IF(OR(J57="",AND(L57="",TODAY()<J57),AND(L57<>"",L57<J57)),0, IF(L57="", NETWORKDAYS(J57,TODAY(),Hoja2!$A$2:$A$53), NETWORKDAYS(J57,L57,Hoja2!$A$2:$A$53) ) ) -> 1 | Q57: Se realiza la inactivacion del aplicativo por terminación de contrato | R57: True
A58: Natalia | B58: 316 | C58: Soporte Casos Sarita | D58: Clientes radican casos en plataforma | F58: FINALIZADO | G58: 100 | H58: =IF(OR(J58="",K58="",K58<J58),0,NETWORKDAYS(J58,K58,Hoja2!$A$2:$A$53)) -> 0 | J58: 46001 | L58: 46001 | M58: =IF(OR(J58="",AND(L58="",TODAY()<J58),AND(L58<>"",L58<J58)),0, IF(L58="", NETWORKDAYS(J58,TODAY(),Hoja2!$A$2:$A$53), NETWORKDAYS(J58,L58,Hoja2!$A$2:$A$53) ) ) -> 1 | Q58: Se validan casos y se genera respuesta, indicando que no es error de nosotros. | R58: True
A59: Faver y Natalia | B59: 317 | C59: Soporte Casos Sarita | D59: Clientes radican casos en plataforma | F59: FINALIZADO | G59: 100 | H59: =IF(OR(J59="",K59="",K59<J59),0,NETWORKDAYS(J59,K59,Hoja2!$A$2:$A$53)) -> 0 | J59: 46006 | L59: 46006 | M59: =IF(OR(J59="",AND(L59="",TODAY()<J59),AND(L59<>"",L59<J59)),0, IF(L59="", NETWORKDAYS(J59,TODAY(),Hoja2!$A$2:$A$53), NETWORKDAYS(J59,L59,Hoja2!$A$2:$A$53) ) ) -> 1 | Q59: Se validan casos y se genera respuesta, indicando que no es error de nosotros. | R59: True
A60: Faver y Natalia | B60: 318 | C60: Soporte Casos Sarita | D60: Clientes radican casos en plataforma | F60: FINALIZADO | G60: 100 | H60: =IF(OR(J60="",K60="",K60<J60),0,NETWORKDAYS(J60,K60,Hoja2!$A$2:$A$53)) -> 0 | J60: 46007 | L60: 46007 | M60: =IF(OR(J60="",AND(L60="",TODAY()<J60),AND(L60<>"",L60<J60)),0, IF(L60="", NETWORKDAYS(J60,TODAY(),Hoja2!$A$2:$A$53), NETWORKDAYS(J60,L60,Hoja2!$A$2:$A$53) ) ) -> 1 | Q60: Se validan casos y se genera respuesta, indicando que no es error de nosotros. | R60: True
A61: Faver | B61: 319 | C61: Solicitud busqueda de documentos Preventa | D61: Solicitud de usuario para consultar lista clientes para preventas | F61: FINALIZADO | G61: 100 | H61: =IF(OR(J61="",K61="",K61<J61),0,NETWORKDAYS(J61,K61,Hoja2!$A$2:$A$53)) -> 0 | J61: 46007 | L61: 46007 | M61: =IF(OR(J61="",AND(L61="",TODAY()<J61),AND(L61<>"",L61<J61)),0, IF(L61="", NETWORKDAYS(J61,TODAY(),Hoja2!$A$2:$A$53), NETWORKDAYS(J61,L61,Hoja2!$A$2:$A$53) ) ) -> 1 | Q61: Se gestiona solicitud del cliente | R61: True
A62: Faver y Natalia | B62: 320 | C62: Soporte Casos Sarita | D62: Clientes radican casos en plataforma | F62: FINALIZADO | G62: 100 | H62: =IF(OR(J62="",K62="",K62<J62),0,NETWORKDAYS(J62,K62,Hoja2!$A$2:$A$53)) -> 0 | J62: 46008 | L62: 46008 | M62: =IF(OR(J62="",AND(L62="",TODAY()<J62),AND(L62<>"",L62<J62)),0, IF(L62="", NETWORKDAYS(J62,TODAY(),Hoja2!$A$2:$A$53), NETWORKDAYS(J62,L62,Hoja2!$A$2:$A$53) ) ) -> 1 | Q62: Se validan casos y se genera respuesta, indicando que no es error de nosotros. | R62: True
A63: Faver y Natalia | B63: 321 | C63: Reunión para validación de Caso reportado por usuario en aplicativo | D63: Se realiza reunión con usuario para explicación de respuesta enviada a caso radicado | F63: FINALIZADO | G63: 100 | H63: =IF(OR(J63="",K63="",K63<J63),0,NETWORKDAYS(J63,K63,Hoja2!$A$2:$A$53)) -> 0 | J63: 46009 | L63: 46009 | M63: =IF(OR(J63="",AND(L63="",TODAY()<J63),AND(L63<>"",L63<J63)),0, IF(L63="", NETWORKDAYS(J63,TODAY(),Hoja2!$A$2:$A$53), NETWORKDAYS(J63,L63,Hoja2!$A$2:$A$53) ) ) -> 1 | Q63: Se realiza reunión con usuario | R63: True
A64: Faver | B64: 322 | C64: Reunión para Revision de Solicitudes Indexadas con una Familia que no corresponde | D64: Se realiza reunión las personas del proceso, se revisan como es el proceso de PCO y la información que se enctrega al consultar una solicitud | F64: FINALIZADO | G64: 100 | H64: =IF(OR(J64="",K64="",K64<J64),0,NETWORKDAYS(J64,K64,Hoja2!$A$2:$A$53)) -> 0 | J64: 46009 | L64: 46009 | M64: =IF(OR(J64="",AND(L64="",TODAY()<J64),AND(L64<>"",L64<J64)),0, IF(L64="", NETWORKDAYS(J64,TODAY(),Hoja2!$A$2:$A$53), NETWORKDAYS(J64,L64,Hoja2!$A$2:$A$53) ) ) -> 1 | Q64: 18/12/2025: Se realiza reunión con las personas del cliente, se da claridad en el proceso, se hace seguimiento de varios casos y asi determinar en donde se esta presentando el problema | R64: True
A65: Faver y Natalia | B65: 323 | C65: Solicitud soportes y bases de morosos a corte 20 diciembre | D65: Solicitud de usuario para generar base de morosos...como este es un reporte que se genera dos veces al mes, ya se tiene el query para generar la información | F65: FINALIZADO | G65: 100 | H65: =IF(OR(J65="",K65="",K65<J65),0,NETWORKDAYS(J65,K65,Hoja2!$A$2:$A$53)) -> 0 | J65: 46013 | L65: 46014 | M65: =IF(OR(J65="",AND(L65="",TODAY()<J65),AND(L65<>"",L65<J65)),0, IF(L65="", NETWORKDAYS(J65,TODAY(),Hoja2!$A$2:$A$53), NETWORKDAYS(J65,L65,Hoja2!$A$2:$A$53) ) ) -> 2 | Q65: Se realiza envio de informe a usuario con información | R65: True
A66: Natalia | B66: 324 | C66: Soporte Casos Sarita | D66: Clientes radican casos en plataforma | F66: FINALIZADO | G66: 100 | H66: =IF(OR(J66="",K66="",K66<J66),0,NETWORKDAYS(J66,K66,Hoja2!$A$2:$A$53)) -> 0 | J66: 46017 | L66: 46017 | M66: =IF(OR(J66="",AND(L66="",TODAY()<J66),AND(L66<>"",L66<J66)),0, IF(L66="", NETWORKDAYS(J66,TODAY(),Hoja2!$A$2:$A$53), NETWORKDAYS(J66,L66,Hoja2!$A$2:$A$53) ) ) -> 1 | Q66: Se validan casos y se genera respuesta, indicando que no es error de nosotros. | R66: True
A67: Natalia | B67: 325 | C67: Soporte Casos Sarita | D67: Clientes radican casos en plataforma | F67: FINALIZADO | G67: 100 | H67: =IF(OR(J67="",K67="",K67<J67),0,NETWORKDAYS(J67,K67,Hoja2!$A$2:$A$53)) -> 0 | J67: 46020 | L67: 46020 | M67: =IF(OR(J67="",AND(L67="",TODAY()<J67),AND(L67<>"",L67<J67)),0, IF(L67="", NETWORKDAYS(J67,TODAY(),Hoja2!$A$2:$A$53), NETWORKDAYS(J67,L67,Hoja2!$A$2:$A$53) ) ) -> 1 | Q67: Se validan casos y se genera respuesta, indicando que no es error de nosotros. | R67: True
... A72: Faver | B72: 330 | C72: Soporte Imagine | D72: Solicitaron revision de reporte de imagenes eliminadas ya que no encuentran las imagenes | F72: FINALIZADO | G72: 100 | H72: =IF(OR(J72="",K72="",K72<J72),0,NETWORKDAYS(J72,K72,Hoja2!$A$2:$A$53)) -> 0 | J72: 46027 | L72: 46034 | M72: =IF(OR(J72="",AND(L72="",TODAY()<J72),AND(L72<>"",L72<J72)),0, IF(L72="", NETWORKDAYS(J72,TODAY(),Hoja2!$A$2:$A$53), NETWORKDAYS(J72,L72,Hoja2!$A$2:$A$53) ) ) -> 5 | Q72: 05/01/2026: Se realizan las validaciones sobre las solicitudes reprotadas, se hace un analisis de los los y se brinda la información sobre el proceso para las imagenes eliminadas y como funciona la revisión de los logs. | R72: True
A73: Faver | B73: 331 | C73: Ajuste Log API Imagine | D73: Se recibe requerimiento en el cual se solicita ajustar los logs del API de Imagine para que guarde el body que se esta enviando en las peticiones que fallan al entregar documentos al servicio del cliente | F73: PENDIENTE | G73: 0 | H73: =IF(OR(J73="",K73="",K73<J73),0,NETWORKDAYS(J73,K73,Hoja2!$A$2:$A$53)) -> 0 | M73: =IF(OR(J73="",AND(L73="",TODAY()<J73),AND(L73<>"",L73<J73)),0, IF(L73="", NETWORKDAYS(J73,TODAY(),Hoja2!$A$2:$A$53), NETWORKDAYS(J73,L73,Hoja2!$A$2:$A$53) ) ) -> 0 | R73: True
A74: Natalia | B74: 332 | C74: Soporte Usuario | D74: Reunion con Usuario | F74: FINALIZADO | G74: 100 | H74: =IF(OR(J74="",K74="",K74<J74),0,NETWORKDAYS(J74,K74,Hoja2!$A$2:$A$53)) -> 0 | J74: 45666 | L74: 45666 | M74: =IF(OR(J74="",AND(L74="",TODAY()<J74),AND(L74<>"",L74<J74)),0, IF(L74="", NETWORKDAYS(J74,TODAY(),Hoja2!$A$2:$A$53), NETWORKDAYS(J74,L74,Hoja2!$A$2:$A$53) ) ) -> 1 | Q74: Se realiza reunion con usuario para validación de caso presentado en aplicativo, se da solucion | R74: True
A75: Faver | B75: 333 | C75: Solicitud Reporte de Existencia Guia Financiera | D75: Se solicita un reporte de existencias de guias financieras para temas de cobranza | F75: FINALIZADO | G75: 100 | H75: =IF(OR(J75="",K75="",K75<J75),0,NETWORKDAYS(J75,K75,Hoja2!$A$2:$A$53)) -> 1 | I75: 46031 | J75: 46031 | K75: 46031 | L75: 46031 | M75: =IF(OR(J75="",AND(L75="",TODAY()<J75),AND(L75<>"",L75<J75)),0, IF(L75="", NETWORKDAYS(J75,TODAY(),Hoja2!$A$2:$A$53), NETWORKDAYS(J75,L75,Hoja2!$A$2:$A$53) ) ) -> 1 | Q75: 09/01/2026: Se genera el reporte con la información y se envia al usuario. | R75: True
A76: Faver | B76: 334 | C76: Solicitud Reporte de Existencia Guia Financiera | D76: Se solicita un reporte de existencias de guias financieras | F76: FINALIZADO | G76: 100 | H76: =IF(OR(J76="",K76="",K76<J76),0,NETWORKDAYS(J76,K76,Hoja2!$A$2:$A$53)) -> 1 | J76: 46037 | K76: 46037 | L76: 46037 | M76: =IF(OR(J76="",AND(L76="",TODAY()<J76),AND(L76<>"",L76<J76)),0, IF(L76="", NETWORKDAYS(J76,TODAY(),Hoja2!$A$2:$A$53), NETWORKDAYS(J76,L76,Hoja2!$A$2:$A$53) ) ) -> 1 | Q76: 15/01/2026: Se genera el reporte con la información y se envia al usuario. | R76: True
A77: Faver | B77: 335 | C77: Solicitud Reporte de Existencia Guia Financiera | D77: Se solicita un reporte de existencias de guias financieras, para analisis | F77: FINALIZADO | G77: 100 | H77: =IF(OR(J77="",K77="",K77<J77),0,NETWORKDAYS(J77,K77,Hoja2!$A$2:$A$53)) -> 1 | J77: 46037 | K77: 46037 | L77: 46037 | M77: =IF(OR(J77="",AND(L77="",TODAY()<J77),AND(L77<>"",L77<J77)),0, IF(L77="", NETWORKDAYS(J77,TODAY(),Hoja2!$A$2:$A$53), NETWORKDAYS(J77,L77,Hoja2!$A$2:$A$53) ) ) -> 1 | Q77: 15/01/2026: Se genera el reporte con la información y se envia al usuario. | R77: True
A78: Faver | B78: 336 | C78: Soporte Casos Sarita | D78: Clientes radican casos en plataforma | F78: FINALIZADO | G78: 100 | H78: =IF(OR(J78="",K78="",K78<J78),0,NETWORKDAYS(J78,K78,Hoja2!$A$2:$A$53)) -> 0 | J78: 46035 | L78: 46035 | M78: =IF(OR(J78="",AND(L78="",TODAY()<J78),AND(L78<>"",L78<J78)),0, IF(L78="", NETWORKDAYS(J78,TODAY(),Hoja2!$A$2:$A$53), NETWORKDAYS(J78,L78,Hoja2!$A$2:$A$53) ) ) -> 1 | Q78: 13/01/2026: Se validan casos y se genera respuesta | R78: True
A79: Faver | B79: 337 | C79: Soporte Casos Sarita | D79: Clientes radican casos en plataforma | F79: FINALIZADO | G79: 100 | H79: =IF(OR(J79="",K79="",K79<J79),0,NETWORKDAYS(J79,K79,Hoja2!$A$2:$A$53)) -> 0 | J79: 46041 | L79: 46041 | M79: =IF(OR(J79="",AND(L79="",TODAY()<J79),AND(L79<>"",L79<J79)),0, IF(L79="", NETWORKDAYS(J79,TODAY(),Hoja2!$A$2:$A$53), NETWORKDAYS(J79,L79,Hoja2!$A$2:$A$53) ) ) -> 1 | Q79: 19/01/2026: Se validan casos y se genera respuesta | R79: True
A80: Faver | B80: 338 | C80: Eliminar Documentos | D80: Se recibe un requerimiento con aprobación del área de credito para que se eliminen documentos de una solicitud que fueron cargados de forma erronea a la solicitud que eran de otra | F80: FINALIZADO | G80: 100 | H80: =IF(OR(J80="",K80="",K80<J80),0,NETWORKDAYS(J80,K80,Hoja2!$A$2:$A$53)) -> 1 | I80: 46042 | J80: 46043 | K80: 46043 | L80: 46043 | M80: =IF(OR(J80="",AND(L80="",TODAY()<J80),AND(L80<>"",L80<J80)),0, IF(L80="", NETWORKDAYS(J80,TODAY(),Hoja2!$A$2:$A$53), NETWORKDAYS(J80,L80,Hoja2!$A$2:$A$53) ) ) -> 1 | P80: 46043 | Q80: 19/01/2026: Se realiza proceso de eliminación de las imagenes en la base de datos y se cierra el requerimiento del cliente. | R80: True
A81: Natalia y Faver | B81: 339 | C81: Soporte Casos Sarita | D81: Clientes radican casos en plataforma | F81: FINALIZADO | G81: 100 | H81: =IF(OR(J81="",K81="",K81<J81),0,NETWORKDAYS(J81,K81,Hoja2!$A$2:$A$53)) -> 0 | J81: 46042 | L81: 46042 | M81: =IF(OR(J81="",AND(L81="",TODAY()<J81),AND(L81<>"",L81<J81)),0, IF(L81="", NETWORKDAYS(J81,TODAY(),Hoja2!$A$2:$A$53), NETWORKDAYS(J81,L81,Hoja2!$A$2:$A$53) ) ) -> 1 | Q81: Se validan casos y se genera respuesta, indicando que no es error de nosotros. | R81: True
A82: Faver | B82: 340 | C82: Modicar Tarea Programada | D82: Se solicita la modificación de los tiempos de ejecución de la tarea programada para el procesamiento de los ADTP (Autorizacion de Tratamiento Datos Personales) | F82: FINALIZADO | G82: 100 | H82: =IF(OR(J82="",K82="",K82<J82),0,NETWORKDAYS(J82,K82,Hoja2!$A$2:$A$53)) -> 1 | I82: 46043 | J82: 46043 | K82: 46043 | L82: 46043 | M82: =IF(OR(J82="",AND(L82="",TODAY()<J82),AND(L82<>"",L82<J82)),0, IF(L82="", NETWORKDAYS(J82,TODAY(),Hoja2!$A$2:$A$53), NETWORKDAYS(J82,L82,Hoja2!$A$2:$A$53) ) ) -> 1 | O82: 46043 | P82: 46043 | Q82: 21/01/2026: Se realiza ajuste en la secuencia de ejecucion de la tarea programda, de acuerdo con lo solicitado en el requerimiento. | R82: True
A83: Faver | B83: 341 | C83: Soporte Casos Sarita | D83: Clientes radican casos en plataforma | F83: FINALIZADO | G83: 100 | H83: =IF(OR(J83="",K83="",K83<J83),0,NETWORKDAYS(J83,K83,Hoja2!$A$2:$A$53)) -> 0 | I83: 46045 | J83: 46048 | L83: 46048 | M83: =IF(OR(J83="",AND(L83="",TODAY()<J83),AND(L83<>"",L83<J83)),0, IF(L83="", NETWORKDAYS(J83,TODAY(),Hoja2!$A$2:$A$53), NETWORKDAYS(J83,L83,Hoja2!$A$2:$A$53) ) ) -> 1 | Q83: 26/01/2026: Se realiza validacion del caso, se realizan pruebas, se hace un escalamiento y con ayuda del cliente se da solución y se cierra el caso. | R83: True
A84: Natalia y Faver | B84: 342 | C84: Reunión Seguimiento | D84: Se realiza reunión con cliente para seguimiento | F84: FINALIZADO | G84: 100 | H84: =IF(OR(J84="",K84="",K84<J84),0,NETWORKDAYS(J84,K84,Hoja2!$A$2:$A$53)) -> 0 | J84: 46048 | L84: 46048 | M84: =IF(OR(J84="",AND(L84="",TODAY()<J84),AND(L84<>"",L84<J84)),0, IF(L84="", NETWORKDAYS(J84,TODAY(),Hoja2!$A$2:$A$53), NETWORKDAYS(J84,L84,Hoja2!$A$2:$A$53) ) ) -> 1 | Q84: 26/01/2026: Se realiza reunión con el cliente en la cual se lleva a cabo seguimiento de casos radicados en plataforma, y requerimientos pendientes. | R84: True
A85: Faver | B85: 343 | C85: Soporte Casos Sarita | D85: Clientes radican casos en plataforma | F85: FINALIZADO | G85: 100 | H85: =IF(OR(J85="",K85="",K85<J85),0,NETWORKDAYS(J85,K85,Hoja2!$A$2:$A$53)) -> 0 | J85: 46049 | L85: 46049 | M85: =IF(OR(J85="",AND(L85="",TODAY()<J85),AND(L85<>"",L85<J85)),0, IF(L85="", NETWORKDAYS(J85,TODAY(),Hoja2!$A$2:$A$53), NETWORKDAYS(J85,L85,Hoja2!$A$2:$A$53) ) ) -> 1 | Q85: 27/01/2026: Se realiza validacion del caso, se hace un escalamiento debido a la falta de evidencia e información para poder revisar. | R85: True
A86: Faver y Natalia | B86: 344 | C86: Solicitud soportes y bases de morosos a corte 22 Enero | D86: Solicitud de usuario para generar base de morosos...como este es un reporte que se genera dos veces al mes, ya se tiene el query para generar la información | F86: FINALIZADO | G86: 100 | H86: =IF(OR(J86="",K86="",K86<J86),0,NETWORKDAYS(J86,K86,Hoja2!$A$2:$A$53)) -> 0 | J86: 46050 | L86: 46050 | M86: =IF(OR(J86="",AND(L86="",TODAY()<J86),AND(L86<>"",L86<J86)),0, IF(L86="", NETWORKDAYS(J86,TODAY(),Hoja2!$A$2:$A$53), NETWORKDAYS(J86,L86,Hoja2!$A$2:$A$53) ) ) -> 1 | Q86: 28/01/2026: Se realiza proceso de generacion de documentación para el reporte de morosos del mes de Enero de acuerdo a la solicitud, se entrega información. | R86: True
A87: Faver | B87: 345 | C87: Validación Reglas de Indexacion API | D87: Se solicita la revision de la regla del API de Imagine para la radicación de anexos, se busca saber si un anexo de una solicitud fue cargado el sistema no lo deja radicar nuevamente | F87: PENDIENTE | G87: 0 | H87: =IF(OR(J87="",K87="",K87<J87),0,NETWORKDAYS(J87,K87,Hoja2!$A$2:$A$53)) -> 0 | M87: =IF(OR(J87="",AND(L87="",TODAY()<J87),AND(L87<>"",L87<J87)),0, IF(L87="", NETWORKDAYS(J87,TODAY(),Hoja2!$A$2:$A$53), NETWORKDAYS(J87,L87,Hoja2!$A$2:$A$53) ) ) -> 0 | R87: True
A88: Faver | B88: 346 | C88: Soporte Casos Sarita | D88: Clientes radican casos en plataforma | F88: FINALIZADO | G88: 100 | H88: =IF(OR(J88="",K88="",K88<J88),0,NETWORKDAYS(J88,K88,Hoja2!$A$2:$A$53)) -> 0 | I88: 46052 | J88: 46052 | L88: 46052 | M88: =IF(OR(J88="",AND(L88="",TODAY()<J88),AND(L88<>"",L88<J88)),0, IF(L88="", NETWORKDAYS(J88,TODAY(),Hoja2!$A$2:$A$53), NETWORKDAYS(J88,L88,Hoja2!$A$2:$A$53) ) ) -> 1 | Q88: 30/01/2026: Se realiza validación del caso y se da respuesta al incidente reportado. | R88: True
A89: Faver | B89: 347 | C89: Documentos Creditos Personal | D89: Se solicita por parte del cliente unos documentos de creditos de personal que no estan en Gestion DOcumental, por lo cual se requiere obtenerlos desde la fuente donde se gardaron en el aplicativo de Creditos de Personal. Esto es para atender una solicitudes de evicencia para revisoria. | F89: FINALIZADO | G89: 100 | H89: =IF(OR(J89="",K89="",K89<J89),0,NETWORKDAYS(J89,K89,Hoja2!$A$2:$A$53)) -> 1 | I89: 46052 | J89: 46052 | K89: 46052 | L89: 46052 | M89: =IF(OR(J89="",AND(L89="",TODAY()<J89),AND(L89<>"",L89<J89)),0, IF(L89="", NETWORKDAYS(J89,TODAY(),Hoja2!$A$2:$A$53), NETWORKDAYS(J89,L89,Hoja2!$A$2:$A$53) ) ) -> 1 | Q89: 30/01/2026: Se realiza la consulta y se envian los documentos como respuesta al correo con la solicitud para atender temas de revisoria. | R89: True
A90: Natalia y Faver | B90: 348 | C90: Soporte Casos Sarita | D90: Clientes radican casos en plataforma | F90: FINALIZADO | G90: 100 | H90: =IF(OR(J90="",K90="",K90<J90),0,NETWORKDAYS(J90,K90,Hoja2!$A$2:$A$53)) -> 0 | J90: 46055 | L90: 46055 | M90: =IF(OR(J90="",AND(L90="",TODAY()<J90),AND(L90<>"",L90<J90)),0, IF(L90="", NETWORKDAYS(J90,TODAY(),Hoja2!$A$2:$A$53), NETWORKDAYS(J90,L90,Hoja2!$A$2:$A$53) ) ) -> 1 | Q90: Se validan casos y se genera respuesta, indicando que no es error de nosotros. | R90: True
A91: Natalia | B91: 349 | C91: Soporte Casos Sarita | D91: Clientes radican casos en plataforma | F91: FINALIZADO | G91: 100 | H91: =IF(OR(J91="",K91="",K91<J91),0,NETWORKDAYS(J91,K91,Hoja2!$A$2:$A$53)) -> 0 | J91: 46056 | L91: 46056 | M91: =IF(OR(J91="",AND(L91="",TODAY()<J91),AND(L91<>"",L91<J91)),0, IF(L91="", NETWORKDAYS(J91,TODAY(),Hoja2!$A$2:$A$53), NETWORKDAYS(J91,L91,Hoja2!$A$2:$A$53) ) ) -> 1 | Q91: Se validan casos y se genera respuesta, indicando que no es error de nosotros. | R91: True
A92: Faver Lopez | B92: 350 | C92: Solicitud Investigacion | D92: Se requiere información relacionado a la anulacion de unos documentos, esto por una investigacion del area de antifraude | F92: FINALIZADO | G92: 100 | H92: =IF(OR(J92="",K92="",K92<J92),0,NETWORKDAYS(J92,K92,Hoja2!$A$2:$A$53)) -> 0 | J92: 46064 | L92: 46064 | M92: =IF(OR(J92="",AND(L92="",TODAY()<J92),AND(L92<>"",L92<J92)),0, IF(L92="", NETWORKDAYS(J92,TODAY(),Hoja2!$A$2:$A$53), NETWORKDAYS(J92,L92,Hoja2!$A$2:$A$53) ) ) -> 1 | Q92: 11/02/2026: Se realiza la consulta de información y se da respuesta a quien solicita los datos sobre el cliente y el usuario que proceso la solicitud | R92: True
A93: Natalia y Faver | B93: 351 | C93: Soporte Casos Sarita | D93: Clientes radican casos en plataforma | F93: FINALIZADO | G93: 100 | H93: =IF(OR(J93="",K93="",K93<J93),0,NETWORKDAYS(J93,K93,Hoja2!$A$2:$A$53)) -> 0 | J93: 46064 | L93: 46064 | M93: =IF(OR(J93="",AND(L93="",TODAY()<J93),AND(L93<>"",L93<J93)),0, IF(L93="", NETWORKDAYS(J93,TODAY(),Hoja2!$A$2:$A$53), NETWORKDAYS(J93,L93,Hoja2!$A$2:$A$53) ) ) -> 1 | Q93: Se validan casos y se genera respuesta, indicando que no es error de nosotros. | R93: True
A94: Faver | B94: 352 | C94: Soporte Casos Sarita | D94: Clientes radican casos en plataforma | F94: FINALIZADO | G94: 100 | H94: =IF(OR(J94="",K94="",K94<J94),0,NETWORKDAYS(J94,K94,Hoja2!$A$2:$A$53)) -> 0 | J94: 46065 | L94: 46065 | M94: =IF(OR(J94="",AND(L94="",TODAY()<J94),AND(L94<>"",L94<J94)),0, IF(L94="", NETWORKDAYS(J94,TODAY(),Hoja2!$A$2:$A$53), NETWORKDAYS(J94,L94,Hoja2!$A$2:$A$53) ) ) -> 1 | Q94: Se validan casos y se genera respuesta, indicando que no es error de nosotros. | R94: True
A95: Faver | B95: 353 | C95: Reunion Area Anti Fraude | D95: Se tuvo reunion con persona del area antifraude para ver informes y log que se les puede proporcionara cceso para los procesos que ellos realizan | F95: FINALIZADO | G95: 100 | H95: =IF(OR(J95="",K95="",K95<J95),0,NETWORKDAYS(J95,K95,Hoja2!$A$2:$A$53)) -> 0 | J95: 46066 | L95: 46066 | M95: =IF(OR(J95="",AND(L95="",TODAY()<J95),AND(L95<>"",L95<J95)),0, IF(L95="", NETWORKDAYS(J95,TODAY(),Hoja2!$A$2:$A$53), NETWORKDAYS(J95,L95,Hoja2!$A$2:$A$53) ) ) -> 1 | Q95: 13/02/2025: Se queda pendiente definir si se pueden mejorar algunos reportes | R95: True
A96: Natalia y Faver | B96: 354 | C96: Soporte Casos Sarita | D96: Clientes radican casos en plataforma | F96: FINALIZADO | G96: 100 | H96: =IF(OR(J96="",K96="",K96<J96),0,NETWORKDAYS(J96,K96,Hoja2!$A$2:$A$53)) -> 0 | J96: 46069 | L96: 46069 | M96: =IF(OR(J96="",AND(L96="",TODAY()<J96),AND(L96<>"",L96<J96)),0, IF(L96="", NETWORKDAYS(J96,TODAY(),Hoja2!$A$2:$A$53), NETWORKDAYS(J96,L96,Hoja2!$A$2:$A$53) ) ) -> 1 | Q96: Se validan casos y se genera respuesta, indicando que no es error de nosotros. | R96: True
A97: Faver | B97: 355 | C97: Reporte Venta Cartera | D97: Solicitan entregar un reporte de documentos para validar la posibilidad para venta de cartera | F97: FINALIZADO | G97: 100 | H97: =IF(OR(J97="",K97="",K97<J97),0,NETWORKDAYS(J97,K97,Hoja2!$A$2:$A$53)) -> 0 | J97: 46070 | L97: 46073 | M97: =IF(OR(J97="",AND(L97="",TODAY()<J97),AND(L97<>"",L97<J97)),0, IF(L97="", NETWORKDAYS(J97,TODAY(),Hoja2!$A$2:$A$53), NETWORKDAYS(J97,L97,Hoja2!$A$2:$A$53) ) ) -> 4 | R97: True
A98: Faver y Natalia | B98: 356 | C98: Solicitud soportes y bases de morosos a corte 23 febrero | D98: Solicitud de usuario para generar base de morosos...como este es un reporte que se genera dos veces al mes, ya se tiene el query para generar la información | F98: FINALIZADO | G98: 100 | H98: =IF(OR(J98="",K98="",K98<J98),0,NETWORKDAYS(J98,K98,Hoja2!$A$2:$A$53)) -> 0 | I98: 46076 | J98: 46076 | L98: 46079 | M98: =IF(OR(J98="",AND(L98="",TODAY()<J98),AND(L98<>"",L98<J98)),0, IF(L98="", NETWORKDAYS(J98,TODAY(),Hoja2!$A$2:$A$53), NETWORKDAYS(J98,L98,Hoja2!$A$2:$A$53) ) ) -> 4 | Q98: 26/02/2026: Se realiza proceso de generacion de documentación para el reporte de morosos del mes de Febrero de acuerdo a la solicitud, se entrega información. | R98: True
A99: Faver y Natalia | B99: 357 | C99: Soporte Casos Sarita | D99: Clientes radican casos en plataforma | F99: FINALIZADO | G99: 100 | H99: =IF(OR(J99="",K99="",K99<J99),0,NETWORKDAYS(J99,K99,Hoja2!$A$2:$A$53)) -> 1 | I99: 46081 | J99: 46083 | K99: 46083 | L99: 46083 | M99: =IF(OR(J99="",AND(L99="",TODAY()<J99),AND(L99<>"",L99<J99)),0, IF(L99="", NETWORKDAYS(J99,TODAY(),Hoja2!$A$2:$A$53), NETWORKDAYS(J99,L99,Hoja2!$A$2:$A$53) ) ) -> 1 | Q99: 02/03/2026: Se realiza la validación del caso, se reporta al área encargada ya que no es un error de Imagine y se da solución al usuario. | R99: True
A100: Natalia | B100: 358 | C100: Soporte Casos Sarita | D100: Clientes radican casos en plataforma | F100: FINALIZADO | G100: 100 | H100: =IF(OR(J100="",K100="",K100<J100),0,NETWORKDAYS(J100,K100,Hoja2!$A$2:$A$53)) -> 1 | I100: 46085 | J100: 46085 | K100: 46085 | L100: 46085 | M100: =IF(OR(J100="",AND(L100="",TODAY()<J100),AND(L100<>"",L100<J100)),0, IF(L100="", NETWORKDAYS(J100,TODAY(),Hoja2!$A$2:$A$53), NETWORKDAYS(J100,L100,Hoja2!$A$2:$A$53) ) ) -> 1 | Q100: 02/03/2026: Se realiza la validación del caso, se reporta al área encargada ya que no es un error de Imagine y se da solución al usuario. | R100: True
A101: Faver y Natalia | B101: 359 | C101: Reunión Seguimiento Febrero | D101: Reunión mensual de seguimiento a incidentes radicados a Imagine | F101: FINALIZADO | G101: 100 | H101: =IF(OR(J101="",K101="",K101<J101),0,NETWORKDAYS(J101,K101,Hoja2!$A$2:$A$53)) -> 0 | I101: 46086 | J101: 46086 | L101: 46086 | M101: =IF(OR(J101="",AND(L101="",TODAY()<J101),AND(L101<>"",L101<J101)),0, IF(L101="", NETWORKDAYS(J101,TODAY(),Hoja2!$A$2:$A$53), NETWORKDAYS(J101,L101,Hoja2!$A$2:$A$53) ) ) -> 1 | Q101: 05/03/2026: Se da siguimiento con el cliente a los casos recibidos el mes de febrero, se establecen compromisos de Imagine para entregar informacion de casos frecuentes. | R101: True
A102: Faver y Natalia | B102: 360 | C102: Enviar Reporte Casos Mas Escalados a Imagine | D102: Se enviara un reporte detallado en el que informara la casuistica mas escaladas en Servicenow, en las cuales el usuario es el responsable directo de dar la solución sin necesidad de realizar un escalamiento adicional | F102: FINALIZADO | G102: 100 | H102: =IF(OR(J102="",K102="",K102<J102),0,NETWORKDAYS(J102,K102,Hoja2!$A$2:$A$53)) -> 3 | I102: 46086 | J102: 46087 | K102: 46091 | L102: 46087 | M102: =IF(OR(J102="",AND(L102="",TODAY()<J102),AND(L102<>"",L102<J102)),0, IF(L102="", NETWORKDAYS(J102,TODAY(),Hoja2!$A$2:$A$53), NETWORKDAYS(J102,L102,Hoja2!$A$2:$A$53) ) ) -> 1 | N102: 46091 | P102: 46087 | Q102: 06/03/2026: se realiza informe y se envia al usuario solicitante, se esta a la espera de revisión. | R102: True
A103: Faver Y Natalia | B103: 361 | C103: Soporte 3 Casos Sarita | D103: Clientes radican 3 casos en plataforma de servicenow | F103: FINALIZADO | G103: 100 | H103: =IF(OR(J103="",K103="",K103<J103),0,NETWORKDAYS(J103,K103,Hoja2!$A$2:$A$53)) -> 1 | I103: 46090 | J103: 46090 | K103: 46090 | L103: 46090 | M103: =IF(OR(J103="",AND(L103="",TODAY()<J103),AND(L103<>"",L103<J103)),0, IF(L103="", NETWORKDAYS(J103,TODAY(),Hoja2!$A$2:$A$53), NETWORKDAYS(J103,L103,Hoja2!$A$2:$A$53) ) ) -> 1 | Q103: 09/03/2026: Se realiza la revision y validacion de cada uno de los casos asignados a Imagine, se realizan las gestiones correspondientes ya que no eran tema de Imagine, el cliente realiza las correcciones y se procede a dar respuesta a los usuarios que radicaron los incidentes. | R103: True
A104: Faver | B104: 362 | C104: Revision Servicios en Sala AZUL | D104: el cliente solicita a imagine en sala azul para revisar incidente de afectacion general en las dematerialización de pagares | F104: FINALIZADO | G104: 100 | H104: =IF(OR(J104="",K104="",K104<J104),0,NETWORKDAYS(J104,K104,Hoja2!$A$2:$A$53)) -> 0 | I104: 46090 | J104: 46090 | L104: 46090 | M104: =IF(OR(J104="",AND(L104="",TODAY()<J104),AND(L104<>"",L104<J104)),0, IF(L104="", NETWORKDAYS(J104,TODAY(),Hoja2!$A$2:$A$53), NETWORKDAYS(J104,L104,Hoja2!$A$2:$A$53) ) ) -> 1 | Q104: 09/03/2026: Se realiza el acompañamineto por parte de Imagine, se realizan todas las validaciones y se descarta fallas de nuestro aplicativo, se entregan evidencias de los errores de consumo del servicio de pagare el cual es de otro proveedor. | R104: True
...

Sheet Hoja2
A1: 45292 | B1: Año Nuevo
A2: 45299 | B2: Día de los Reyes Magos
A3: 45376 | B3: Día de San José
A4: 45379 | B4: Jueves Santo (Semana Santa)
A5: 45380 | B5: Viernes Santo (Semana Santa)
A6: 45413 | B6: Día del Trabajo
A7: 45425 | B7: Día de la Ascensión
A8: 45446 | B8: Corpus Christi
A9: 45453 | B9: Sagrado Corazón
A10: 45474 | B10: San Pedro y San Pablo
A11: 45493 | B11: Día de la Independencia
A12: 45511 | B12: Batalla de Boyacá
... A53: 46381 | B53: Navidad
